{
    "image": {
        "crop_coords": [
            [
                104,
                39
            ],
            [
                310,
                370
            ]
        ],
        "is_caption_generated": true
    },
    "centroid": [
        -2.6048811929566518,
        7.259523906026567,
        -0.26262249254754616
    ],
    "dimensions": [
        0.34049952030181885,
        0.19037618637084996,
        0.2978720694780351
    ],
    "heading": 0.0,
    "largest_face": 0.101425296768581,
    "name": {
        "string": "table",
        "similarity_to_image": [
            2.71875,
            3.21875,
            3.546875
        ]
    }
}