{
    "image": {
        "crop_coords": [
            [
                50,
                27
            ],
            [
                149,
                80
            ]
        ],
        "is_caption_generated": true
    },
    "centroid": [
        5.631398677825928,
        8.682126998901367,
        -0.3036522865295411
    ],
    "dimensions": [
        0.0012826919555664062,
        0.026853561401367188,
        0.015380501747131348
    ],
    "heading": 0.0,
    "largest_face": 0.00041302124805042695,
    "name": {
        "string": "chair",
        "similarity_to_image": [
            2.96875,
            3.71875,
            4.09375
        ]
    }
}