{
    "image": {
        "crop_coords": [
            [
                52,
                27
            ],
            [
                156,
                135
            ]
        ],
        "is_caption_generated": true
    },
    "centroid": [
        14.245121320088705,
        0.05208413551251131,
        -0.2823532571395239
    ],
    "dimensions": [
        0.001178741455078125,
        0.0939817205071447,
        0.12201009690761572
    ],
    "heading": 0.0,
    "largest_face": 0.01146671882662118,
    "name": {
        "string": "table",
        "similarity_to_image": [
            2.71875,
            3.296875,
            3.359375
        ]
    }
}