{
    "image": {
        "crop_coords": [
            [
                170,
                58
            ],
            [
                543,
                311
            ]
        ],
        "is_caption_generated": true
    },
    "centroid": [
        9.314924001693726,
        9.129422426223755,
        -0.154813900589943
    ],
    "dimensions": [
        0.07257318496704102,
        0.05557870864868164,
        0.026764959096908597
    ],
    "heading": 0.0,
    "largest_face": 0.004033523902990055,
    "name": {
        "string": "chair",
        "similarity_to_image": [
            3.40625,
            3.859375,
            4.1875
        ]
    }
}