{
    "image": {
        "crop_coords": [
            [
                55,
                72
            ],
            [
                164,
                214
            ]
        ],
        "is_caption_generated": true
    },
    "centroid": [
        14.733528137207031,
        7.220828533172607,
        -0.1505229771137238
    ],
    "dimensions": [
        0.0,
        0.0,
        0.0
    ],
    "heading": 0.0,
    "largest_face": 0.0,
    "name": {
        "string": "chair",
        "similarity_to_image": [
            3.375,
            3.171875,
            2.828125
        ]
    }
}