{
    "image": {
        "crop_coords": [
            [
                56,
                27
            ],
            [
                166,
                80
            ]
        ],
        "is_caption_generated": true
    },
    "centroid": [
        9.514815521240234,
        9.044454956054688,
        -0.26267933547496797
    ],
    "dimensions": [
        0.26882457733154475,
        0.15937137603759766,
        0.07356317341327664
    ],
    "heading": 0.0,
    "largest_face": 0.04284294280205387,
    "name": {
        "string": "cabinet",
        "similarity_to_image": [
            3.0,
            2.921875,
            2.6875
        ]
    }
}