{
    "image": {
        "crop_coords": [
            [
                101,
                22
            ],
            [
                302,
                349
            ]
        ],
        "is_caption_generated": true
    },
    "centroid": [
        9.934254492918651,
        -1.0871218273043632,
        -0.16546282367780812
    ],
    "dimensions": [
        0.34067630767822266,
        0.033515453338622825,
        0.3015083849430086
    ],
    "heading": 0.0,
    "largest_face": 0.10271676331640839,
    "name": {
        "string": "cabinet",
        "similarity_to_image": [
            3.15625,
            3.859375,
            4.09375
        ]
    }
}