{
    "image": {
        "crop_coords": [
            [
                42,
                27
            ],
            [
                126,
                80
            ]
        ],
        "is_caption_generated": true
    },
    "centroid": [
        -3.3664557933807373,
        -1.438387632369996,
        -0.017308194190263755
    ],
    "dimensions": [
        0.0,
        0.0,
        0.0
    ],
    "heading": 0.0,
    "largest_face": 0.0,
    "name": {
        "string": "chair",
        "similarity_to_image": [
            3.890625,
            4.3125,
            3.96875
        ]
    }
}