{
    "image": {
        "crop_coords": [
            [
                94,
                50
            ],
            [
                282,
                148
            ]
        ],
        "is_caption_generated": true
    },
    "centroid": [
        -3.9070585114615306,
        9.19318946202596,
        -0.03912386409051364
    ],
    "dimensions": [
        0.1865863800048828,
        0.4699850082397461,
        0.6840625852346423
    ],
    "heading": 0.0,
    "largest_face": 0.32149915975800536,
    "name": {
        "string": "cabinet",
        "similarity_to_image": [
            3.796875,
            4.21875,
            4.125
        ]
    }
}