{
    "image": {
        "crop_coords": [
            [
                50,
                37
            ],
            [
                150,
                110
            ]
        ],
        "is_caption_generated": true
    },
    "centroid": [
        3.097126483917237,
        -0.40308645367622375,
        -0.24977070093154916
    ],
    "dimensions": [
        0.0,
        0.0,
        0.0
    ],
    "heading": 0.0,
    "largest_face": 0.0,
    "name": {
        "string": "chair",
        "similarity_to_image": [
            3.015625,
            3.140625,
            2.640625
        ]
    }
}