{
    "image": {
        "crop_coords": [
            [
                62,
                44
            ],
            [
                184,
                132
            ]
        ],
        "is_caption_generated": true
    },
    "centroid": [
        17.444022178649902,
        -4.582382678985596,
        -0.20100840926170363
    ],
    "dimensions": [
        0.03880119323730469,
        0.00118255615234375,
        0.18656516075134294
    ],
    "heading": 0.0,
    "largest_face": 0.007238950853661669,
    "name": {
        "string": "chair",
        "similarity_to_image": [
            2.859375,
            2.96875,
            2.84375
        ]
    }
}