{
    "image": {
        "crop_coords": [
            [
                48,
                36
            ],
            [
                144,
                108
            ]
        ],
        "is_caption_generated": true
    },
    "centroid": [
        -10.194610118865967,
        4.1104111909866345,
        -0.2964201264083387
    ],
    "dimensions": [
        0.11457371711730957,
        0.00962519645690918,
        0.19789744913578045
    ],
    "heading": 0.0,
    "largest_face": 0.02267384635552007,
    "name": {
        "string": "cabinet",
        "similarity_to_image": [
            4.34375,
            4.28125,
            4.46875
        ]
    }
}