{
    "image": {
        "crop_coords": [
            [
                124,
                23
            ],
            [
                370,
                178
            ]
        ],
        "is_caption_generated": true
    },
    "centroid": [
        -11.024417559305826,
        6.2731428146362305,
        -0.046775586903095266
    ],
    "dimensions": [
        0.015317916870117188,
        0.054322242736816406,
        0.04631350189447407
    ],
    "heading": 0.0,
    "largest_face": 0.002515853291903627,
    "name": {
        "string": "chair",
        "similarity_to_image": [
            3.859375,
            4.0625,
            4.1875
        ]
    }
}