{
    "image": {
        "crop_coords": [
            [
                36,
                48
            ],
            [
                108,
                142
            ]
        ],
        "is_caption_generated": true
    },
    "centroid": [
        13.370437145233154,
        -1.7378503084182744,
        -0.1753256618976594
    ],
    "dimensions": [
        0.1171407699584961,
        0.0009746551513671875,
        0.06954482197761536
    ],
    "heading": 0.0,
    "largest_face": 0.008146533993084404,
    "name": {
        "string": "cabinet",
        "similarity_to_image": [
            3.03125,
            3.015625,
            2.96875
        ]
    }
}