{
    "image": {
        "crop_coords": [
            [
                28,
                20
            ],
            [
                84,
                59
            ]
        ],
        "is_caption_generated": true
    },
    "centroid": [
        -11.391152381896973,
        -0.04046022146940231,
        -0.12079562246799469
    ],
    "dimensions": [
        0.0,
        0.0,
        0.0
    ],
    "heading": 0.0,
    "largest_face": 0.0,
    "name": {
        "string": "chair",
        "similarity_to_image": [
            2.890625,
            3.375,
            3.96875
        ]
    }
}