{
    "image": {
        "crop_coords": [
            [
                46,
                24
            ],
            [
                136,
                71
            ]
        ],
        "is_caption_generated": true
    },
    "centroid": [
        -7.928999185562134,
        9.982641220092773,
        -0.17553951218724262
    ],
    "dimensions": [
        0.1721053123474121,
        0.018754005432128906,
        0.13932591676712042
    ],
    "heading": 0.0,
    "largest_face": 0.023978730423294802,
    "name": {
        "string": "cabinet",
        "similarity_to_image": [
            3.5,
            3.5625,
            3.640625
        ]
    }
}