{
    "image": {
        "crop_coords": [
            [
                134,
                84
            ],
            [
                400,
                252
            ]
        ],
        "is_caption_generated": true
    },
    "centroid": [
        18.254267828805105,
        2.3700334685189395,
        -0.16325304337910257
    ],
    "dimensions": [
        0.015048980712890625,
        0.05179405212402344,
        0.03896676003932953
    ],
    "heading": 0.0,
    "largest_face": 0.002018246400581347,
    "name": {
        "string": "table",
        "similarity_to_image": [
            2.90625,
            3.140625,
            2.96875
        ]
    }
}