{
    "image": {
        "crop_coords": [
            [
                36,
                1
            ],
            [
                106,
                106
            ]
        ],
        "is_caption_generated": true
    },
    "centroid": [
        -3.070103645324707,
        3.4352183341979985,
        -0.2270774953067303
    ],
    "dimensions": [
        0.002743244171142578,
        0.08812379837036133,
        0.21830336004495626
    ],
    "heading": 0.0,
    "largest_face": 0.019237721284174118,
    "name": {
        "string": "table",
        "similarity_to_image": [
            2.453125,
            2.640625,
            2.234375
        ]
    }
}