{
    "image": {
        "crop_coords": [
            [
                26,
                34
            ],
            [
                76,
                125
            ]
        ],
        "is_caption_generated": true
    },
    "centroid": [
        20.279239654541016,
        -0.16987179033458166,
        -0.1136667635291816
    ],
    "dimensions": [
        0.1894664764404297,
        0.12731324508786201,
        0.0031271465122700015
    ],
    "heading": 0.0,
    "largest_face": 0.02412159195099406,
    "name": {
        "string": "cabinet",
        "similarity_to_image": [
            3.15625,
            2.828125,
            3.0
        ]
    }
}