{
    "image": {
        "crop_coords": [
            [
                80,
                66
            ],
            [
                238,
                198
            ]
        ],
        "is_caption_generated": true
    },
    "centroid": [
        18.386772292000906,
        5.246409522919428,
        -0.315843308255786
    ],
    "dimensions": [
        0.010988235473632812,
        0.2245182991027832,
        0.25016360836369655
    ],
    "heading": 0.0,
    "largest_face": 0.05616630784723194,
    "name": {
        "string": "cabinet",
        "similarity_to_image": [
            4.3125,
            4.40625,
            4.21875
        ]
    }
}