{
    "image": {
        "crop_coords": [
            [
                68,
                106
            ],
            [
                202,
                316
            ]
        ],
        "is_caption_generated": true
    },
    "centroid": [
        -7.677960236867269,
        -0.2614160676797234,
        -0.3368439575036368
    ],
    "dimensions": [
        0.230848789215087,
        0.03430581092834517,
        0.07134422659873962
    ],
    "heading": 0.0,
    "largest_face": 0.016469728327805848,
    "name": {
        "string": "chair",
        "similarity_to_image": [
            2.671875,
            2.765625,
            2.875
        ]
    }
}