{
    "image": {
        "crop_coords": [
            [
                42,
                32
            ],
            [
                124,
                96
            ]
        ],
        "is_caption_generated": true
    },
    "centroid": [
        12.25952434539795,
        8.553862571716309,
        -0.21724800020456322
    ],
    "dimensions": [
        0.019046783447265625,
        0.08991432189941406,
        0.034736499190330505
    ],
    "heading": 0.0,
    "largest_face": 0.003123308769858113,
    "name": {
        "string": "chair",
        "similarity_to_image": [
            3.546875,
            4.125,
            3.90625
        ]
    }
}