{
    "image": {
        "crop_coords": [
            [
                54,
                34
            ],
            [
                162,
                102
            ]
        ],
        "is_caption_generated": true
    },
    "centroid": [
        22.73688507080078,
        -1.1013841331005096,
        -0.20712757855653768
    ],
    "dimensions": [
        0.0007476806640625,
        0.010717213153839111,
        0.21338744461536407
    ],
    "heading": 0.0,
    "largest_face": 0.0022869187282958947,
    "name": {
        "string": "chair",
        "similarity_to_image": [
            3.421875,
            3.421875,
            3.859375
        ]
    }
}