{
    "image": {
        "crop_coords": [
            [
                99,
                128
            ],
            [
                296,
                382
            ]
        ],
        "is_caption_generated": true
    },
    "centroid": [
        17.36147621699742,
        0.11679808635796855,
        -0.43263752971376707
    ],
    "dimensions": [
        0.1659069061279297,
        0.012161172926425712,
        0.06748372316360474
    ],
    "heading": 0.0,
    "largest_face": 0.011196015724067365,
    "name": {
        "string": "chair",
        "similarity_to_image": [
            3.015625,
            3.5,
            3.75
        ]
    }
}