{
    "image": {
        "crop_coords": [
            [
                72,
                39
            ],
            [
                216,
                116
            ]
        ],
        "is_caption_generated": true
    },
    "centroid": [
        -7.484290599822997,
        7.329662799835205,
        -0.23839244991540923
    ],
    "dimensions": [
        0.013666152954101562,
        0.009601593017578125,
        0.2344819754362108
    ],
    "heading": 0.0,
    "largest_face": 0.003204466541291142,
    "name": {
        "string": "chair",
        "similarity_to_image": [
            3.25,
            3.390625,
            3.796875
        ]
    }
}