{
    "image": {
        "crop_coords": [
            [
                32,
                41
            ],
            [
                94,
                122
            ]
        ],
        "is_caption_generated": true
    },
    "centroid": [
        8.260074996948243,
        -1.4529186964035035,
        0.1569577783346176
    ],
    "dimensions": [
        0.0,
        0.0,
        0.0
    ],
    "heading": 0.0,
    "largest_face": 0.0,
    "name": {
        "string": "screen",
        "similarity_to_image": [
            3.796875,
            4.03125,
            3.5
        ]
    }
}