{
    "image": {
        "crop_coords": [
            [
                81,
                63
            ],
            [
                242,
                188
            ]
        ],
        "is_caption_generated": true
    },
    "centroid": [
        -2.552194168693141,
        7.257827990933468,
        -0.30154600915940194
    ],
    "dimensions": [
        0.2642803192138672,
        0.09236979484558105,
        0.3064304441213609
    ],
    "heading": 0.0,
    "largest_face": 0.08098353558924035,
    "name": {
        "string": "table",
        "similarity_to_image": [
            2.875,
            3.640625,
            3.4375
        ]
    }
}