{
    "image": {
        "crop_coords": [
            [
                50,
                108
            ],
            [
                148,
                324
            ]
        ],
        "is_caption_generated": true
    },
    "centroid": [
        -8.33046340942383,
        1.2347906827926631,
        -0.31981763243675254
    ],
    "dimensions": [
        0.0,
        0.0,
        0.0
    ],
    "heading": 0.0,
    "largest_face": 0.0,
    "name": {
        "string": "table",
        "similarity_to_image": [
            2.21875,
            2.4375,
            3.25
        ]
    }
}