{
    "image": {
        "crop_coords": [
            [
                127,
                74
            ],
            [
                380,
                222
            ]
        ],
        "is_caption_generated": true
    },
    "centroid": [
        18.51587543487549,
        4.663479137420655,
        -0.17253713831305512
    ],
    "dimensions": [
        0.177398681640625,
        0.20569705963134677,
        0.11458540707826634
    ],
    "heading": 0.0,
    "largest_face": 0.03649038719595394,
    "name": {
        "string": "chair",
        "similarity_to_image": [
            3.609375,
            3.890625,
            4.0625
        ]
    }
}