{
    "image": {
        "crop_coords": [
            [
                88,
                74
            ],
            [
                263,
                220
            ]
        ],
        "is_caption_generated": true
    },
    "centroid": [
        13.486659049987793,
        10.228487014770508,
        0.806361794471741
    ],
    "dimensions": [
        0.0,
        0.0,
        0.0
    ],
    "heading": 0.0,
    "largest_face": 0.0,
    "name": {
        "string": "whiteboard",
        "similarity_to_image": [
            4.75,
            4.8125,
            4.71875
        ]
    }
}