{
    "image": {
        "crop_coords": [
            [
                58,
                35
            ],
            [
                174,
                104
            ]
        ],
        "is_caption_generated": true
    },
    "centroid": [
        6.232994556427002,
        0.15929044783115387,
        -0.17286178469657904
    ],
    "dimensions": [
        0.0,
        0.0,
        0.0
    ],
    "heading": 0.0,
    "largest_face": 0.0,
    "name": {
        "string": "chair",
        "similarity_to_image": [
            3.421875,
            3.65625,
            4.09375
        ]
    }
}