{
    "image": {
        "crop_coords": [
            [
                58,
                2
            ],
            [
                173,
                127
            ]
        ],
        "is_caption_generated": true
    },
    "centroid": [
        -6.677883565425873,
        7.6189552545547485,
        0.01812793112912914
    ],
    "dimensions": [
        0.3426626920700073,
        0.026864290237426758,
        0.0063992033974500356
    ],
    "heading": 0.0,
    "largest_face": 0.009205390013306669,
    "name": {
        "string": "screen",
        "similarity_to_image": [
            3.09375,
            3.515625,
            2.984375
        ]
    }
}