{
    "image": {
        "crop_coords": [
            [
                76,
                121
            ],
            [
                227,
                362
            ]
        ],
        "is_caption_generated": true
    },
    "centroid": [
        8.07754443713597,
        -1.4470108134405955,
        0.05483570368960499
    ],
    "dimensions": [
        0.32582902908325195,
        0.058604598045349565,
        0.11643997812643651
    ],
    "heading": 0.0,
    "largest_face": 0.037939525019411904,
    "name": {
        "string": "cabinet",
        "similarity_to_image": [
            2.90625,
            3.109375,
            3.859375
        ]
    }
}