{
    "image": {
        "crop_coords": [
            [
                63,
                36
            ],
            [
                188,
                107
            ]
        ],
        "is_caption_generated": true
    },
    "centroid": [
        -5.266348600387572,
        7.285650491714477,
        -0.25940887629985826
    ],
    "dimensions": [
        0.0,
        0.0,
        0.0
    ],
    "heading": 0.0,
    "largest_face": 0.0,
    "name": {
        "string": "chair",
        "similarity_to_image": [
            3.46875,
            3.65625,
            3.5
        ]
    }
}