{
    "image": {
        "crop_coords": [
            [
                61,
                52
            ],
            [
                182,
                156
            ]
        ],
        "is_caption_generated": true
    },
    "centroid": [
        13.57514582739936,
        -1.7591047949261138,
        -0.12284071826272551
    ],
    "dimensions": [
        0.30553340911865234,
        0.04429888725280762,
        0.20755918696522715
    ],
    "heading": 0.0,
    "largest_face": 0.0634162659873816,
    "name": {
        "string": "table",
        "similarity_to_image": [
            3.375,
            4.0,
            3.859375
        ]
    }
}