{
    "image": {
        "crop_coords": [
            [
                68,
                44
            ],
            [
                204,
                132
            ]
        ],
        "is_caption_generated": true
    },
    "centroid": [
        -2.2008204817771913,
        -0.008312280228710889,
        -0.00637149285175838
    ],
    "dimensions": [
        0.01484649181365949,
        0.0032531522505452326,
        0.041265761211980154
    ],
    "heading": 0.0,
    "largest_face": 0.0006126517860180906,
    "name": {
        "string": "cabinet",
        "similarity_to_image": [
            3.4375,
            3.640625,
            3.3125
        ]
    }
}