{
    "image": {
        "crop_coords": [
            [
                26,
                36
            ],
            [
                78,
                106
            ]
        ],
        "is_caption_generated": true
    },
    "centroid": [
        10.624565124511719,
        -1.7232610384623215,
        0.3193255563577016
    ],
    "dimensions": [
        0.011053085327148438,
        0.012097954750061035,
        0.031167924404144287
    ],
    "heading": 0.0,
    "largest_face": 0.00037706813909466064,
    "name": {
        "string": "screen",
        "similarity_to_image": [
            3.71875,
            3.609375,
            2.921875
        ]
    }
}