{
    "image": {
        "crop_coords": [
            [
                76,
                54
            ],
            [
                226,
                162
            ]
        ],
        "is_caption_generated": true
    },
    "centroid": [
        12.268097400665283,
        8.663581132888794,
        -0.025949414586648345
    ],
    "dimensions": [
        0.02460956573486328,
        0.06966352462768555,
        0.0033589866943657433
    ],
    "heading": 0.0,
    "largest_face": 0.0017143890886472946,
    "name": {
        "string": "chair",
        "similarity_to_image": [
            3.90625,
            3.96875,
            4.0625
        ]
    }
}