{
    "image": {
        "crop_coords": [
            [
                80,
                56
            ],
            [
                238,
                166
            ]
        ],
        "is_caption_generated": true
    },
    "centroid": [
        1.0154863595962524,
        -1.3183763623237614,
        -0.17793139070272454
    ],
    "dimensions": [
        0.05813097953796387,
        0.03251665830612205,
        0.03172573447227478
    ],
    "heading": 0.0,
    "largest_face": 0.0018902251986361437,
    "name": {
        "string": "chair",
        "similarity_to_image": [
            3.65625,
            4.0,
            4.1875
        ]
    }
}