{
    "image": {
        "crop_coords": [
            [
                46,
                37
            ],
            [
                137,
                110
            ]
        ],
        "is_caption_generated": true
    },
    "centroid": [
        17.614758014678955,
        2.2030311226844796,
        -0.26443015225231664
    ],
    "dimensions": [
        0.05223846435546875,
        0.2095892429351811,
        0.12134664505720141
    ],
    "heading": 0.0,
    "largest_face": 0.02543295147026298,
    "name": {
        "string": "cabinet",
        "similarity_to_image": [
            3.65625,
            4.03125,
            4.15625
        ]
    }
}