{
    "image": {
        "crop_coords": [
            [
                100,
                0
            ],
            [
                299,
                88
            ]
        ],
        "is_caption_generated": true
    },
    "centroid": [
        5.673902591069539,
        0.4867031176884977,
        -0.15922886754075705
    ],
    "dimensions": [
        0.17415452003479004,
        0.026431024074554332,
        0.28464463353157066
    ],
    "heading": 0.0,
    "largest_face": 0.04957214953316939,
    "name": {
        "string": "cabinet",
        "similarity_to_image": [
            1.859375,
            2.328125,
            2.75
        ]
    }
}