{
    "image": {
        "crop_coords": [
            [
                30,
                20
            ],
            [
                88,
                60
            ]
        ],
        "is_caption_generated": true
    },
    "centroid": [
        14.91649055480957,
        8.434999465942383,
        -0.23135957121849074
    ],
    "dimensions": [
        0.0,
        0.0,
        0.0
    ],
    "heading": 0.0,
    "largest_face": 0.0,
    "name": {
        "string": "cabinet",
        "similarity_to_image": [
            4.21875,
            4.375,
            4.125
        ]
    }
}