{
    "image": {
        "crop_coords": [
            [
                42,
                80
            ],
            [
                126,
                238
            ]
        ],
        "is_caption_generated": true
    },
    "centroid": [
        -4.7959794998168945,
        -0.4728973209857943,
        0.0409954972565174
    ],
    "dimensions": [
        0.0,
        0.0,
        0.0
    ],
    "heading": 0.0,
    "largest_face": 0.0,
    "name": {
        "string": "chair",
        "similarity_to_image": [
            3.1875,
            3.46875,
            3.890625
        ]
    }
}