{
    "image": {
        "crop_coords": [
            [
                56,
                19
            ],
            [
                166,
                90
            ]
        ],
        "is_caption_generated": true
    },
    "centroid": [
        14.897985458374023,
        -0.27688243985176064,
        -0.068049892783165
    ],
    "dimensions": [
        0.0,
        0.0,
        0.0
    ],
    "heading": 0.0,
    "largest_face": 0.0,
    "name": {
        "string": "chair",
        "similarity_to_image": [
            3.796875,
            3.796875,
            3.9375
        ]
    }
}