{
    "image": {
        "crop_coords": [
            [
                116,
                118
            ],
            [
                346,
                354
            ]
        ],
        "is_caption_generated": true
    },
    "centroid": [
        22.63224184513092,
        -1.8116351440548897,
        -0.5152656510472299
    ],
    "dimensions": [
        0.3417243957519531,
        0.38103580474853516,
        0.2051966488361361
    ],
    "heading": 0.0,
    "largest_face": 0.13020923013755237,
    "name": {
        "string": "screen",
        "similarity_to_image": [
            2.84375,
            3.4375,
            3.5
        ]
    }
}