{
    "image": {
        "crop_coords": [
            [
                86,
                130
            ],
            [
                257,
                390
            ]
        ],
        "is_caption_generated": true
    },
    "centroid": [
        -8.50569993019104,
        1.5617208790779111,
        -0.05947748841950672
    ],
    "dimensions": [
        0.389392614364624,
        0.060004353523254395,
        0.16417957958765336
    ],
    "heading": 0.0,
    "largest_face": 0.0639303157209212,
    "name": {
        "string": "table",
        "similarity_to_image": [
            2.421875,
            3.03125,
            3.75
        ]
    }
}