{
    "image": {
        "crop_coords": [
            [
                66,
                57
            ],
            [
                198,
                170
            ]
        ],
        "is_caption_generated": true
    },
    "centroid": [
        1.2540873686472567,
        -2.4285873572031664,
        -0.03631467046216134
    ],
    "dimensions": [
        0.11012232303619407,
        0.06649374961853027,
        0.3708976060152055
    ],
    "heading": 0.0,
    "largest_face": 0.0408441059829575,
    "name": {
        "string": "chair",
        "similarity_to_image": [
            4.03125,
            4.21875,
            4.03125
        ]
    }
}