{
    "image": {
        "crop_coords": [
            [
                63,
                50
            ],
            [
                188,
                150
            ]
        ],
        "is_caption_generated": true
    },
    "centroid": [
        17.52976760195013,
        0.8229391202592015,
        -0.2866756654622262
    ],
    "dimensions": [
        0.096405029296875,
        0.23376707235972116,
        0.21244350075721738
    ],
    "heading": 0.0,
    "largest_face": 0.049662295213864914,
    "name": {
        "string": "cabinet",
        "similarity_to_image": [
            3.890625,
            4.4375,
            4.46875
        ]
    }
}