{
    "image": {
        "crop_coords": [
            [
                54,
                32
            ],
            [
                162,
                95
            ]
        ],
        "is_caption_generated": true
    },
    "centroid": [
        1.2980270981788635,
        -2.481421113014221,
        -0.13246583938598633
    ],
    "dimensions": [
        0.0,
        0.0,
        0.0
    ],
    "heading": 0.0,
    "largest_face": 0.0,
    "name": {
        "string": "chair",
        "similarity_to_image": [
            4.1875,
            4.0,
            3.859375
        ]
    }
}