{
    "image": {
        "crop_coords": [
            [
                50,
                56
            ],
            [
                149,
                166
            ]
        ],
        "is_caption_generated": true
    },
    "centroid": [
        1.6437108516693115,
        9.853195667266846,
        0.44124770164489774
    ],
    "dimensions": [
        0.09621334075927734,
        0.0005903244018554688,
        0.09961384534835827
    ],
    "heading": 0.0,
    "largest_face": 0.009584180846843548,
    "name": {
        "string": "whiteboard",
        "similarity_to_image": [
            3.75,
            3.96875,
            3.890625
        ]
    }
}