{
    "image": {
        "crop_coords": [
            [
                133,
                29
            ],
            [
                398,
                202
            ]
        ],
        "is_caption_generated": true
    },
    "centroid": [
        3.2275606195131936,
        9.185967842737833,
        -0.13097102241590622
    ],
    "dimensions": [
        0.1457536220550537,
        0.2077798843383789,
        0.21715830080211168
    ],
    "heading": 0.0,
    "largest_face": 0.04512112662378166,
    "name": {
        "string": "chair",
        "similarity_to_image": [
            3.328125,
            3.96875,
            4.21875
        ]
    }
}