{
    "image": {
        "crop_coords": [
            [
                76,
                48
            ],
            [
                228,
                144
            ]
        ],
        "is_caption_generated": true
    },
    "centroid": [
        17.994308677086465,
        0.46070939348294193,
        -0.10597707514579478
    ],
    "dimensions": [
        0.062483978271483664,
        0.04336780905723575,
        0.06823590397834776
    ],
    "heading": 0.0,
    "largest_face": 0.004263650741518127,
    "name": {
        "string": "chair",
        "similarity_to_image": [
            3.375,
            3.53125,
            4.125
        ]
    }
}