{
    "image": {
        "crop_coords": [
            [
                41,
                51
            ],
            [
                122,
                152
            ]
        ],
        "is_caption_generated": true
    },
    "centroid": [
        -10.411288579305014,
        5.534424781799316,
        -0.2359305794040362
    ],
    "dimensions": [
        0.1630859375,
        0.13640642166137695,
        0.20849044620990753
    ],
    "heading": 0.0,
    "largest_face": 0.03400185987993609,
    "name": {
        "string": "table",
        "similarity_to_image": [
            3.328125,
            3.515625,
            2.96875
        ]
    }
}