{
    "image": {
        "crop_coords": [
            [
                32,
                24
            ],
            [
                94,
                71
            ]
        ],
        "is_caption_generated": true
    },
    "centroid": [
        -0.8975169956684106,
        7.0013368129730225,
        -0.22158277034759521
    ],
    "dimensions": [
        0.01893466711044356,
        0.10427331924438477,
        0.07061600685119626
    ],
    "heading": 0.0,
    "largest_face": 0.00736336542615845,
    "name": {
        "string": "cabinet",
        "similarity_to_image": [
            4.25,
            4.3125,
            4.25
        ]
    }
}