{
    "image": {
        "crop_coords": [
            [
                48,
                25
            ],
            [
                144,
                74
            ]
        ],
        "is_caption_generated": true
    },
    "centroid": [
        14.9181014696757,
        8.433730602264404,
        -0.3963585148255031
    ],
    "dimensions": [
        0.02297210693359375,
        0.12291908264160156,
        0.09931805729866033
    ],
    "heading": 0.0,
    "largest_face": 0.012208084492897349,
    "name": {
        "string": "cabinet",
        "similarity_to_image": [
            4.34375,
            4.375,
            4.15625
        ]
    }
}