{
    "image": {
        "crop_coords": [
            [
                42,
                30
            ],
            [
                125,
                89
            ]
        ],
        "is_caption_generated": true
    },
    "centroid": [
        -2.314573764801026,
        0.0029202258835230865,
        -0.3725945999224984
    ],
    "dimensions": [
        0.13461041450500488,
        0.13478996232151985,
        0.04299868643283855
    ],
    "heading": 0.0,
    "largest_face": 0.018144132699213777,
    "name": {
        "string": "cabinet",
        "similarity_to_image": [
            2.671875,
            3.65625,
            3.890625
        ]
    }
}