{
    "image": {
        "crop_coords": [
            [
                99,
                3
            ],
            [
                296,
                304
            ]
        ],
        "is_caption_generated": true
    },
    "centroid": [
        -6.268068313598633,
        7.560485204060871,
        -0.09988605976104742
    ],
    "dimensions": [
        0.027578353881835938,
        0.014920711517333984,
        0.037878446280956296
    ],
    "heading": 0.0,
    "largest_face": 0.0010446251960303252,
    "name": {
        "string": "table",
        "similarity_to_image": [
            2.59375,
            2.921875,
            3.21875
        ]
    }
}