{
    "image": {
        "crop_coords": [
            [
                68,
                0
            ],
            [
                202,
                58
            ]
        ],
        "is_caption_generated": true
    },
    "centroid": [
        3.04655350957598,
        8.31358187539237,
        -0.24343713160072053
    ],
    "dimensions": [
        0.06925439834594727,
        0.28908729553222656,
        0.32613757997751236
    ],
    "heading": 0.0,
    "largest_face": 0.09428223096712429,
    "name": {
        "string": "table",
        "similarity_to_image": [
            2.6875,
            2.84375,
            2.609375
        ]
    }
}