{
    "image": {
        "crop_coords": [
            [
                81,
                72
            ],
            [
                242,
                215
            ]
        ],
        "is_caption_generated": true
    },
    "centroid": [
        10.13469902674357,
        -1.1122502817047968,
        -0.22754655861192283
    ],
    "dimensions": [
        0.2636756896972656,
        0.033138275146484375,
        0.2824407418568929
    ],
    "heading": 0.0,
    "largest_face": 0.07447275740772359,
    "name": {
        "string": "cabinet",
        "similarity_to_image": [
            3.890625,
            4.375,
            4.4375
        ]
    }
}