{
    "image": {
        "crop_coords": [
            [
                38,
                30
            ],
            [
                113,
                89
            ]
        ],
        "is_caption_generated": true
    },
    "centroid": [
        0.8306631892919542,
        2.126687149206798,
        -0.3444702426592509
    ],
    "dimensions": [
        0.19689828157424927,
        0.023711442947387695,
        0.25951316952705383
    ],
    "heading": 0.0,
    "largest_face": 0.05109769712576373,
    "name": {
        "string": "cabinet",
        "similarity_to_image": [
            3.15625,
            3.078125,
            3.515625
        ]
    }
}