{
    "image": {
        "crop_coords": [
            [
                66,
                57
            ],
            [
                198,
                170
            ]
        ],
        "is_caption_generated": true
    },
    "centroid": [
        1.2546195983886714,
        -2.439029502868653,
        -0.17265387475490582
    ],
    "dimensions": [
        0.28285694122314475,
        0.18490028381347656,
        0.5091779083013537
    ],
    "heading": 0.0,
    "largest_face": 0.14402450568051978,
    "name": {
        "string": "chair",
        "similarity_to_image": [
            4.03125,
            4.21875,
            4.03125
        ]
    }
}