{
    "image": {
        "crop_coords": [
            [
                61,
                6
            ],
            [
                182,
                213
            ]
        ],
        "is_caption_generated": true
    },
    "centroid": [
        -3.5103251338005066,
        7.423312127590179,
        0.07657805341295898
    ],
    "dimensions": [
        0.11653125286102295,
        0.006711840629577637,
        0.15838167304173112
    ],
    "heading": 0.0,
    "largest_face": 0.01845641478977783,
    "name": {
        "string": "screen",
        "similarity_to_image": [
            3.1875,
            3.4375,
            3.65625
        ]
    }
}