{
    "image": {
        "crop_coords": [
            [
                36,
                40
            ],
            [
                106,
                118
            ]
        ],
        "is_caption_generated": true
    },
    "centroid": [
        17.485258102416992,
        -2.382533550262451,
        0.9086825847625732
    ],
    "dimensions": [
        0.017879486083984375,
        0.2073514461517334,
        0.2040494084358213
    ],
    "heading": 0.0,
    "largest_face": 0.042309939925573255,
    "name": {
        "string": "cabinet",
        "similarity_to_image": [
            3.390625,
            3.640625,
            3.390625
        ]
    }
}