{
    "image": {
        "crop_coords": [
            [
                48,
                96
            ],
            [
                143,
                286
            ]
        ],
        "is_caption_generated": true
    },
    "centroid": [
        15.06283378601074,
        8.599285125732422,
        -0.1674071550369264
    ],
    "dimensions": [
        0.0,
        0.0,
        0.0
    ],
    "heading": 0.0,
    "largest_face": 0.0,
    "name": {
        "string": "table",
        "similarity_to_image": [
            2.71875,
            3.015625,
            3.375
        ]
    }
}