{
    "image": {
        "crop_coords": [
            [
                76,
                101
            ],
            [
                226,
                302
            ]
        ],
        "is_caption_generated": true
    },
    "centroid": [
        -1.021828652192385,
        9.641728792435085,
        0.14692350371907922
    ],
    "dimensions": [
        0.07808738946914673,
        0.9356088638305664,
        0.8047633965810141
    ],
    "heading": 0.0,
    "largest_face": 0.7529437671275901,
    "name": {
        "string": "cabinet",
        "similarity_to_image": [
            3.265625,
            3.1875,
            3.25
        ]
    }
}