{
    "image": {
        "crop_coords": [
            [
                85,
                50
            ],
            [
                254,
                150
            ]
        ],
        "is_caption_generated": true
    },
    "centroid": [
        9.000178337097168,
        8.423287391662598,
        -0.26352837681770336
    ],
    "dimensions": [
        0.0297698974609375,
        0.0041370391845703125,
        0.026990950107574407
    ],
    "heading": 0.0,
    "largest_face": 0.0008035178170757701,
    "name": {
        "string": "chair",
        "similarity_to_image": [
            3.25,
            3.234375,
            3.6875
        ]
    }
}