{
    "image": {
        "crop_coords": [
            [
                78,
                66
            ],
            [
                234,
                196
            ]
        ],
        "is_caption_generated": true
    },
    "centroid": [
        3.320440411567688,
        -0.5783135369420052,
        -0.32734301686286926
    ],
    "dimensions": [
        0.20208680629730225,
        0.03942525386810314,
        0.10827723145484924
    ],
    "heading": 0.0,
    "largest_face": 0.02188139989942428,
    "name": {
        "string": "cabinet",
        "similarity_to_image": [
            4.0,
            4.46875,
            4.375
        ]
    }
}