{
    "image": {
        "crop_coords": [
            [
                68,
                24
            ],
            [
                202,
                70
            ]
        ],
        "is_caption_generated": true
    },
    "centroid": [
        18.352394376482284,
        9.860963140215192,
        -0.2520173639059067
    ],
    "dimensions": [
        0.09073448181152344,
        0.09905433654785156,
        0.33836892992258066
    ],
    "heading": 0.0,
    "largest_face": 0.033516909861887705,
    "name": {
        "string": "whiteboard",
        "similarity_to_image": [
            2.546875,
            2.890625,
            2.984375
        ]
    }
}