{
    "image": {
        "crop_coords": [
            [
                58,
                63
            ],
            [
                172,
                212
            ]
        ],
        "is_caption_generated": true
    },
    "centroid": [
        -10.200195789337158,
        4.1498095989227295,
        -0.10292401537299156
    ],
    "dimensions": [
        0.0031919479370117188,
        0.01638936996459961,
        0.009240351617336301
    ],
    "heading": 0.0,
    "largest_face": 0.000151443541259511,
    "name": {
        "string": "table",
        "similarity_to_image": [
            3.234375,
            3.578125,
            3.34375
        ]
    }
}