{
    "image": {
        "crop_coords": [
            [
                37,
                23
            ],
            [
                110,
                68
            ]
        ],
        "is_caption_generated": true
    },
    "centroid": [
        14.926886796951294,
        8.412918329238892,
        -0.20706773549318314
    ],
    "dimensions": [
        0.00856924057006836,
        0.018195629119873047,
        0.1272618621587753
    ],
    "heading": 0.0,
    "largest_face": 0.0023156096449454817,
    "name": {
        "string": "table",
        "similarity_to_image": [
            3.5,
            3.3125,
            3.03125
        ]
    }
}