{
    "image": {
        "crop_coords": [
            [
                60,
                40
            ],
            [
                178,
                120
            ]
        ],
        "is_caption_generated": true
    },
    "centroid": [
        9.1038179397583,
        8.976576805114746,
        -0.32210469245910667
    ],
    "dimensions": [
        0.0,
        0.0,
        0.0
    ],
    "heading": 0.0,
    "largest_face": 0.0,
    "name": {
        "string": "chair",
        "similarity_to_image": [
            3.453125,
            3.859375,
            4.0
        ]
    }
}