{
    "image": {
        "crop_coords": [
            [
                120,
                72
            ],
            [
                360,
                215
            ]
        ],
        "is_caption_generated": true
    },
    "centroid": [
        18.495991388956707,
        5.924422264099121,
        -0.171115204691887
    ],
    "dimensions": [
        0.051448822021484375,
        0.014130115509033203,
        0.11729291081428533
    ],
    "heading": 0.0,
    "largest_face": 0.006034582092866006,
    "name": {
        "string": "chair",
        "similarity_to_image": [
            3.6875,
            3.859375,
            4.0625
        ]
    }
}