{
    "image": {
        "crop_coords": [
            [
                80,
                84
            ],
            [
                240,
                251
            ]
        ],
        "is_caption_generated": true
    },
    "centroid": [
        -2.4836746624537867,
        -0.137569433876447,
        -0.30953016025679464
    ],
    "dimensions": [
        0.06776881217956543,
        0.035575106739997864,
        0.0184947550296784
    ],
    "heading": 0.0,
    "largest_face": 0.0024108827269309074,
    "name": {
        "string": "table",
        "similarity_to_image": [
            2.59375,
            3.5625,
            3.71875
        ]
    }
}