{
    "image": {
        "crop_coords": [
            [
                42,
                35
            ],
            [
                125,
                104
            ]
        ],
        "is_caption_generated": true
    },
    "centroid": [
        -0.3551264703273762,
        -1.6310468912124647,
        -0.03955727070569999
    ],
    "dimensions": [
        0.0,
        0.0,
        0.0
    ],
    "heading": 0.0,
    "largest_face": 0.0,
    "name": {
        "string": "table",
        "similarity_to_image": [
            2.453125,
            2.53125,
            2.828125
        ]
    }
}