{
    "image": {
        "crop_coords": [
            [
                48,
                87
            ],
            [
                142,
                260
            ]
        ],
        "is_caption_generated": true
    },
    "centroid": [
        -4.89473819732666,
        -0.5122590661048887,
        -0.036732122302055366
    ],
    "dimensions": [
        0.0,
        0.0,
        0.0
    ],
    "heading": 0.0,
    "largest_face": 0.0,
    "name": {
        "string": "table",
        "similarity_to_image": [
            3.09375,
            3.65625,
            3.65625
        ]
    }
}