{
    "image": {
        "crop_coords": [
            [
                84,
                52
            ],
            [
                252,
                156
            ]
        ],
        "is_caption_generated": true
    },
    "centroid": [
        -11.513285636901855,
        1.53076159954071,
        -0.1407067477703095
    ],
    "dimensions": [
        0.0,
        0.0,
        0.0
    ],
    "heading": 0.0,
    "largest_face": 0.0,
    "name": {
        "string": "chair",
        "similarity_to_image": [
            2.828125,
            3.359375,
            3.609375
        ]
    }
}