{
    "image": {
        "crop_coords": [
            [
                80,
                51
            ],
            [
                238,
                152
            ]
        ],
        "is_caption_generated": true
    },
    "centroid": [
        18.16985511779785,
        2.179572200775147,
        0.04021159857511518
    ],
    "dimensions": [
        0.0068378448486328125,
        0.050501585006714755,
        0.020655181258916848
    ],
    "heading": 0.0,
    "largest_face": 0.0010431193921762907,
    "name": {
        "string": "chair",
        "similarity_to_image": [
            3.828125,
            3.9375,
            4.25
        ]
    }
}