{
    "image": {
        "crop_coords": [
            [
                51,
                38
            ],
            [
                152,
                112
            ]
        ],
        "is_caption_generated": true
    },
    "centroid": [
        18.00414276123047,
        7.329446077346802,
        -0.20576859265565883
    ],
    "dimensions": [
        0.0,
        0.0,
        0.0
    ],
    "heading": 0.0,
    "largest_face": 0.0,
    "name": {
        "string": "cabinet",
        "similarity_to_image": [
            4.09375,
            4.4375,
            3.9375
        ]
    }
}