{
    "image": {
        "crop_coords": [
            [
                118,
                76
            ],
            [
                353,
                226
            ]
        ],
        "is_caption_generated": true
    },
    "centroid": [
        0.8350117892026901,
        -0.9608210235834121,
        0.028144613350741567
    ],
    "dimensions": [
        0.1268149216969806,
        0.1094493865966798,
        0.21066170682509738
    ],
    "heading": 0.0,
    "largest_face": 0.02671504785557701,
    "name": {
        "string": "chair",
        "similarity_to_image": [
            3.859375,
            4.15625,
            4.25
        ]
    }
}