{
    "image": {
        "crop_coords": [
            [
                41,
                0
            ],
            [
                122,
                61
            ]
        ],
        "is_caption_generated": true
    },
    "centroid": [
        7.177836974461874,
        8.192012786865234,
        -0.23006822417179745
    ],
    "dimensions": [
        0.14555756251017282,
        0.014591217041015625,
        0.08124449352423346
    ],
    "heading": 0.0,
    "largest_face": 0.011825750444760943,
    "name": {
        "string": "table",
        "similarity_to_image": [
            3.140625,
            2.734375,
            2.640625
        ]
    }
}