{
    "image": {
        "crop_coords": [
            [
                103,
                4
            ],
            [
                308,
                228
            ]
        ],
        "is_caption_generated": true
    },
    "centroid": [
        -3.6195846239725746,
        7.368701140085856,
        -0.12533173908789952
    ],
    "dimensions": [
        0.04573311805725089,
        0.07505722045898455,
        0.1509904608130455
    ],
    "heading": 0.0,
    "largest_face": 0.011332924304448424,
    "name": {
        "string": "table",
        "similarity_to_image": [
            2.859375,
            3.328125,
            3.484375
        ]
    }
}