{
    "image": {
        "crop_coords": [
            [
                58,
                35
            ],
            [
                174,
                104
            ]
        ],
        "is_caption_generated": true
    },
    "centroid": [
        6.211651086807251,
        0.20189798623323485,
        -0.26788659393787395
    ],
    "dimensions": [
        0.08484697341918945,
        0.003675416111946106,
        0.008963912725448608
    ],
    "heading": 0.0,
    "largest_face": 0.0007605608647480722,
    "name": {
        "string": "chair",
        "similarity_to_image": [
            3.421875,
            3.65625,
            4.09375
        ]
    }
}