{
    "image": {
        "crop_coords": [
            [
                138,
                78
            ],
            [
                412,
                234
            ]
        ],
        "is_caption_generated": true
    },
    "centroid": [
        17.187166963304794,
        9.530015127999443,
        0.2730527887386935
    ],
    "dimensions": [
        0.7943172454833984,
        0.05280494689941406,
        0.2607924838860829
    ],
    "heading": 0.0,
    "largest_face": 0.20715196744316694,
    "name": {
        "string": "cabinet",
        "similarity_to_image": [
            4.09375,
            4.59375,
            4.375
        ]
    }
}