{
    "image": {
        "crop_coords": [
            [
                33,
                64
            ],
            [
                98,
                192
            ]
        ],
        "is_caption_generated": true
    },
    "centroid": [
        -12.517167568206787,
        8.404256820678711,
        0.05657207220792771
    ],
    "dimensions": [
        0.0,
        0.0,
        0.0
    ],
    "heading": 0.0,
    "largest_face": 0.0,
    "name": {
        "string": "screen",
        "similarity_to_image": [
            2.859375,
            3.015625,
            2.8125
        ]
    }
}