{
    "image": {
        "crop_coords": [
            [
                88,
                62
            ],
            [
                263,
                186
            ]
        ],
        "is_caption_generated": true
    },
    "centroid": [
        13.29343032836914,
        6.9235730171203596,
        -0.15860120952129364
    ],
    "dimensions": [
        0.0,
        0.0,
        0.0
    ],
    "heading": 0.0,
    "largest_face": 0.0,
    "name": {
        "string": "chair",
        "similarity_to_image": [
            3.515625,
            3.859375,
            3.796875
        ]
    }
}