{
    "image": {
        "crop_coords": [
            [
                98,
                2
            ],
            [
                293,
                143
            ]
        ],
        "is_caption_generated": true
    },
    "centroid": [
        13.545594334602356,
        -1.2358197569847105,
        -0.1636788668110969
    ],
    "dimensions": [
        0.11600399017333984,
        0.3024402856826782,
        0.19528760761022587
    ],
    "heading": 0.0,
    "largest_face": 0.059062839835923475,
    "name": {
        "string": "table",
        "similarity_to_image": [
            2.859375,
            3.40625,
            3.28125
        ]
    }
}