{
    "image": {
        "crop_coords": [
            [
                129,
                64
            ],
            [
                386,
                192
            ]
        ],
        "is_caption_generated": true
    },
    "centroid": [
        19.436601797739666,
        2.1756287084685426,
        -0.11724649341259573
    ],
    "dimensions": [
        0.31528377532958984,
        0.015156586964925722,
        0.5501954779028895
    ],
    "heading": 0.0,
    "largest_face": 0.17346770744249093,
    "name": {
        "string": "cabinet",
        "similarity_to_image": [
            3.75,
            4.0625,
            3.96875
        ]
    }
}