{
    "image": {
        "crop_coords": [
            [
                30,
                40
            ],
            [
                90,
                119
            ]
        ],
        "is_caption_generated": true
    },
    "centroid": [
        13.577649593353271,
        -1.7530643939971928,
        -0.10574429854750643
    ],
    "dimensions": [
        0.04373645782470703,
        0.014136314392089844,
        0.040430225431919126
    ],
    "heading": 0.0,
    "largest_face": 0.0017682748494465285,
    "name": {
        "string": "table",
        "similarity_to_image": [
            3.9375,
            3.90625,
            2.96875
        ]
    }
}