{
    "image": {
        "crop_coords": [
            [
                53,
                23
            ],
            [
                158,
                138
            ]
        ],
        "is_caption_generated": true
    },
    "centroid": [
        -10.456453323364258,
        5.571458339691162,
        -0.5156016349792482
    ],
    "dimensions": [
        0.0,
        0.0,
        0.0
    ],
    "heading": 0.0,
    "largest_face": 0.0,
    "name": {
        "string": "table",
        "similarity_to_image": [
            3.375,
            3.265625,
            2.25
        ]
    }
}