{
    "image": {
        "crop_coords": [
            [
                66,
                48
            ],
            [
                196,
                142
            ]
        ],
        "is_caption_generated": true
    },
    "centroid": [
        8.431363105773926,
        0.03263609483838059,
        -0.2432484030723572
    ],
    "dimensions": [
        0.0,
        0.0,
        0.0
    ],
    "heading": 0.0,
    "largest_face": 0.0,
    "name": {
        "string": "chair",
        "similarity_to_image": [
            3.6875,
            3.890625,
            4.09375
        ]
    }
}