{
    "image": {
        "crop_coords": [
            [
                46,
                28
            ],
            [
                138,
                83
            ]
        ],
        "is_caption_generated": true
    },
    "centroid": [
        15.935379981994629,
        0.26854127645492576,
        -0.21254540979862224
    ],
    "dimensions": [
        0.0,
        0.0,
        0.0
    ],
    "heading": 0.0,
    "largest_face": 0.0,
    "name": {
        "string": "chair",
        "similarity_to_image": [
            3.34375,
            3.515625,
            3.796875
        ]
    }
}