{
    "image": {
        "crop_coords": [
            [
                77,
                65
            ],
            [
                230,
                194
            ]
        ],
        "is_caption_generated": true
    },
    "centroid": [
        3.3887909518347845,
        -0.5901347166962094,
        -0.24333252178298104
    ],
    "dimensions": [
        0.11117696762084961,
        0.014666140079498402,
        0.33497218042612076
    ],
    "heading": 0.0,
    "largest_face": 0.03724119125712022,
    "name": {
        "string": "cabinet",
        "similarity_to_image": [
            4.0,
            4.375,
            4.4375
        ]
    }
}