{
    "image": {
        "crop_coords": [
            [
                116,
                78
            ],
            [
                347,
                233
            ]
        ],
        "is_caption_generated": true
    },
    "centroid": [
        -5.029920003630898,
        7.4437543966553426,
        -0.28477665138515557
    ],
    "dimensions": [
        0.10852479934692383,
        0.15570640563964844,
        0.12104432284832004
    ],
    "heading": 0.0,
    "largest_face": 0.018847376433797084,
    "name": {
        "string": "chair",
        "similarity_to_image": [
            3.5,
            4.03125,
            4.09375
        ]
    }
}