{
    "image": {
        "crop_coords": [
            [
                26,
                34
            ],
            [
                76,
                125
            ]
        ],
        "is_caption_generated": true
    },
    "centroid": [
        20.096689224243164,
        -0.24066699296235983,
        -0.006401510909199798
    ],
    "dimensions": [
        0.10321426391601562,
        0.026325330138206704,
        0.0518619678914547
    ],
    "heading": 0.0,
    "largest_face": 0.0053528948411525334,
    "name": {
        "string": "table",
        "similarity_to_image": [
            2.390625,
            2.359375,
            2.859375
        ]
    }
}