{
    "image": {
        "crop_coords": [
            [
                36,
                68
            ],
            [
                107,
                203
            ]
        ],
        "is_caption_generated": true
    },
    "centroid": [
        17.557729085286457,
        -2.4650586446126304,
        0.17153431475162498
    ],
    "dimensions": [
        0.12973976135253906,
        0.061678171157836914,
        0.14314818382263184
    ],
    "heading": 0.0,
    "largest_face": 0.018572011207197647,
    "name": {
        "string": "table",
        "similarity_to_image": [
            2.90625,
            2.90625,
            3.21875
        ]
    }
}