{
    "image": {
        "crop_coords": [
            [
                144,
                83
            ],
            [
                432,
                248
            ]
        ],
        "is_caption_generated": true
    },
    "centroid": [
        9.564384387089657,
        9.005504534794735,
        -0.20624286624101498
    ],
    "dimensions": [
        0.02191925048828125,
        0.04016542434692383,
        0.09601130336523059
    ],
    "heading": 0.0,
    "largest_face": 0.0038563347417657225,
    "name": {
        "string": "chair",
        "similarity_to_image": [
            3.5,
            3.75,
            4.21875
        ]
    }
}