{
    "image": {
        "crop_coords": [
            [
                35,
                68
            ],
            [
                104,
                204
            ]
        ],
        "is_caption_generated": true
    },
    "centroid": [
        17.53242588043213,
        -2.342748284339905,
        0.07811351865530011
    ],
    "dimensions": [
        0.026990890502929688,
        0.13783669471740723,
        0.012475460767745916
    ],
    "heading": 0.0,
    "largest_face": 0.0037203351344032853,
    "name": {
        "string": "table",
        "similarity_to_image": [
            2.703125,
            2.953125,
            3.0
        ]
    }
}