{
    "image": {
        "crop_coords": [
            [
                91,
                91
            ],
            [
                272,
                272
            ]
        ],
        "is_caption_generated": true
    },
    "centroid": [
        17.671537399291992,
        -0.8471810817718506,
        -0.21392332762479793
    ],
    "dimensions": [
        0.030330657958984375,
        0.08777165412902843,
        0.08193983137607577
    ],
    "heading": 0.0,
    "largest_face": 0.007191994538931834,
    "name": {
        "string": "table",
        "similarity_to_image": [
            2.921875,
            3.25,
            3.46875
        ]
    }
}