{
    "image": {
        "crop_coords": [
            [
                46,
                56
            ],
            [
                136,
                166
            ]
        ],
        "is_caption_generated": true
    },
    "centroid": [
        -2.4357161521911626,
        7.026855945587158,
        -0.26408931612968456
    ],
    "dimensions": [
        0.0,
        0.0,
        0.0
    ],
    "heading": 0.0,
    "largest_face": 0.0,
    "name": {
        "string": "table",
        "similarity_to_image": [
            3.140625,
            3.265625,
            3.4375
        ]
    }
}