{
    "image": {
        "crop_coords": [
            [
                52,
                26
            ],
            [
                156,
                77
            ]
        ],
        "is_caption_generated": true
    },
    "centroid": [
        14.065930048624674,
        -1.3300548394521077,
        -0.2568577627340953
    ],
    "dimensions": [
        0.19069862365722656,
        0.017980217933654785,
        0.099843829870224
    ],
    "heading": 0.0,
    "largest_face": 0.019040080936918002,
    "name": {
        "string": "cabinet",
        "similarity_to_image": [
            3.828125,
            4.0625,
            3.5625
        ]
    }
}