{
    "image": {
        "crop_coords": [
            [
                64,
                40
            ],
            [
                191,
                118
            ]
        ],
        "is_caption_generated": true
    },
    "centroid": [
        18.463754018147785,
        7.699973265329997,
        -0.22026799122492477
    ],
    "dimensions": [
        0.12030220031738281,
        0.033064842224121094,
        0.13225525617599496
    ],
    "heading": 0.0,
    "largest_face": 0.015910598321511326,
    "name": {
        "string": "chair",
        "similarity_to_image": [
            3.546875,
            3.828125,
            4.125
        ]
    }
}