{
    "image": {
        "crop_coords": [
            [
                103,
                64
            ],
            [
                308,
                191
            ]
        ],
        "is_caption_generated": true
    },
    "centroid": [
        18.19261817932129,
        2.2365054965019238,
        -0.012274036742746875
    ],
    "dimensions": [
        0.1068878173828125,
        0.21191787719726518,
        0.2138255834579468
    ],
    "heading": 0.0,
    "largest_face": 0.04531346373687475,
    "name": {
        "string": "chair",
        "similarity_to_image": [
            3.6875,
            4.0,
            4.1875
        ]
    }
}