{
    "image": {
        "crop_coords": [
            [
                116,
                116
            ],
            [
                348,
                347
            ]
        ],
        "is_caption_generated": true
    },
    "centroid": [
        22.675663630167644,
        -1.614720304807027,
        -0.6169779698053998
    ],
    "dimensions": [
        0.4776802062988281,
        0.2755943536758423,
        0.02108597755432129
    ],
    "heading": 0.0,
    "largest_face": 0.13164596771866854,
    "name": {
        "string": "screen",
        "similarity_to_image": [
            3.015625,
            3.46875,
            3.4375
        ]
    }
}