{
    "image": {
        "crop_coords": [
            [
                68,
                57
            ],
            [
                203,
                170
            ]
        ],
        "is_caption_generated": true
    },
    "centroid": [
        10.681700897216796,
        0.036920224688947303,
        -0.3594619736075401
    ],
    "dimensions": [
        0.2871103286743164,
        0.12463874742388714,
        0.37072280794382106
    ],
    "heading": 0.0,
    "largest_face": 0.10643834723581594,
    "name": {
        "string": "cabinet",
        "similarity_to_image": [
            2.65625,
            2.890625,
            2.90625
        ]
    }
}