{
    "image": {
        "crop_coords": [
            [
                61,
                38
            ],
            [
                182,
                113
            ]
        ],
        "is_caption_generated": true
    },
    "centroid": [
        18.535253524780273,
        7.7578773498535165,
        -0.15659451484680187
    ],
    "dimensions": [
        0.0,
        0.0,
        0.0
    ],
    "heading": 0.0,
    "largest_face": 0.0,
    "name": {
        "string": "chair",
        "similarity_to_image": [
            3.5,
            3.640625,
            4.125
        ]
    }
}