{
    "image": {
        "crop_coords": [
            [
                45,
                36
            ],
            [
                134,
                106
            ]
        ],
        "is_caption_generated": true
    },
    "centroid": [
        -10.456453323364258,
        5.571458339691162,
        -0.5156016349792482
    ],
    "dimensions": [
        0.0,
        0.0,
        0.0
    ],
    "heading": 0.0,
    "largest_face": 0.0,
    "name": {
        "string": "cabinet",
        "similarity_to_image": [
            4.21875,
            4.375,
            4.3125
        ]
    }
}