{
    "image": {
        "crop_coords": [
            [
                118,
                33
            ],
            [
                354,
                170
            ]
        ],
        "is_caption_generated": true
    },
    "centroid": [
        -9.552204132080078,
        3.499506950378418,
        -0.32612951099872595
    ],
    "dimensions": [
        0.0,
        0.0,
        0.0
    ],
    "heading": 0.0,
    "largest_face": 0.0,
    "name": {
        "string": "chair",
        "similarity_to_image": [
            2.96875,
            3.4375,
            4.1875
        ]
    }
}