{
    "image": {
        "crop_coords": [
            [
                43,
                31
            ],
            [
                128,
                92
            ]
        ],
        "is_caption_generated": true
    },
    "centroid": [
        -4.960236549377441,
        7.185669898986816,
        -0.2131397873163224
    ],
    "dimensions": [
        0.0,
        0.0,
        0.0
    ],
    "heading": 0.0,
    "largest_face": 0.0,
    "name": {
        "string": "chair",
        "similarity_to_image": [
            3.78125,
            4.0625,
            4.0
        ]
    }
}