{
    "image": {
        "crop_coords": [
            [
                42,
                32
            ],
            [
                124,
                95
            ]
        ],
        "is_caption_generated": true
    },
    "centroid": [
        12.083096504211426,
        8.645774364471436,
        -0.3402401357889177
    ],
    "dimensions": [
        0.1459503173828125,
        0.008324623107910156,
        0.026157289743423462
    ],
    "heading": 0.0,
    "largest_face": 0.0038176647399268404,
    "name": {
        "string": "cabinet",
        "similarity_to_image": [
            3.234375,
            3.4375,
            3.171875
        ]
    }
}