{
    "image": {
        "crop_coords": [
            [
                130,
                70
            ],
            [
                388,
                208
            ]
        ],
        "is_caption_generated": true
    },
    "centroid": [
        18.975830554962158,
        -1.6082460085550945,
        -0.6370055973529821
    ],
    "dimensions": [
        0.34331512451171875,
        0.3907616734504702,
        0.013579905033111572
    ],
    "heading": 0.0,
    "largest_face": 0.13415439257505576,
    "name": {
        "string": "cabinet",
        "similarity_to_image": [
            2.984375,
            3.0,
            2.96875
        ]
    }
}