{
    "image": {
        "crop_coords": [
            [
                124,
                69
            ],
            [
                370,
                220
            ]
        ],
        "is_caption_generated": true
    },
    "centroid": [
        18.102681350708007,
        6.956999158859252,
        -0.2787674307823183
    ],
    "dimensions": [
        0.426788330078125,
        0.05168724060058594,
        0.6784686744213109
    ],
    "heading": 0.0,
    "largest_face": 0.2895625125665903,
    "name": {
        "string": "chair",
        "similarity_to_image": [
            4.09375,
            4.09375,
            4.28125
        ]
    }
}