{
    "image": {
        "crop_coords": [
            [
                105,
                128
            ],
            [
                314,
                384
            ]
        ],
        "is_caption_generated": true
    },
    "centroid": [
        -2.50526162981987,
        7.275512893994649,
        -0.17534486701091131
    ],
    "dimensions": [
        0.1076815128326416,
        0.013429641723632812,
        0.3226569816470146
    ],
    "heading": 0.0,
    "largest_face": 0.03474419190976441,
    "name": {
        "string": "table",
        "similarity_to_image": [
            2.53125,
            2.90625,
            3.546875
        ]
    }
}