{
    "image": {
        "crop_coords": [
            [
                123,
                13
            ],
            [
                368,
                156
            ]
        ],
        "is_caption_generated": true
    },
    "centroid": [
        18.49008083343506,
        5.939856290817261,
        -0.14620979130268097
    ],
    "dimensions": [
        0.0024318695068359375,
        0.009163379669189453,
        0.03489181399345395
    ],
    "heading": 0.0,
    "largest_face": 0.000319726938968756,
    "name": {
        "string": "chair",
        "similarity_to_image": [
            3.859375,
            4.15625,
            4.09375
        ]
    }
}