{
    "image": {
        "crop_coords": [
            [
                26,
                34
            ],
            [
                77,
                128
            ]
        ],
        "is_caption_generated": true
    },
    "centroid": [
        20.72857093811035,
        -0.947827696800232,
        0.0008815331384539882
    ],
    "dimensions": [
        0.0,
        0.0,
        0.0
    ],
    "heading": 0.0,
    "largest_face": 0.0,
    "name": {
        "string": "table",
        "similarity_to_image": [
            2.4375,
            2.1875,
            2.59375
        ]
    }
}