{
    "image": {
        "crop_coords": [
            [
                57,
                0
            ],
            [
                170,
                58
            ]
        ],
        "is_caption_generated": true
    },
    "centroid": [
        9.534197807312012,
        7.6267874240875235,
        -0.19738198816776287
    ],
    "dimensions": [
        0.018686294555664062,
        0.15871095657348633,
        0.2179468572139741
    ],
    "heading": 0.0,
    "largest_face": 0.034590554190614874,
    "name": {
        "string": "chair",
        "similarity_to_image": [
            3.546875,
            3.375,
            3.65625
        ]
    }
}