{
    "image": {
        "crop_coords": [
            [
                24,
                46
            ],
            [
                72,
                136
            ]
        ],
        "is_caption_generated": true
    },
    "centroid": [
        -4.89473819732666,
        -0.5122590661048887,
        -0.036732122302055366
    ],
    "dimensions": [
        0.0,
        0.0,
        0.0
    ],
    "heading": 0.0,
    "largest_face": 0.0,
    "name": {
        "string": "table",
        "similarity_to_image": [
            3.171875,
            3.5,
            2.1875
        ]
    }
}