{
    "image": {
        "crop_coords": [
            [
                116,
                19
            ],
            [
                348,
                164
            ]
        ],
        "is_caption_generated": true
    },
    "centroid": [
        18.54907093048096,
        7.9116291999816895,
        -0.20743689239025126
    ],
    "dimensions": [
        0.041015625,
        0.38475847244262695,
        0.13047555088996896
    ],
    "heading": 0.0,
    "largest_face": 0.050201573651534694,
    "name": {
        "string": "chair",
        "similarity_to_image": [
            4.03125,
            4.09375,
            4.15625
        ]
    }
}