{
    "image": {
        "crop_coords": [
            [
                88,
                64
            ],
            [
                263,
                190
            ]
        ],
        "is_caption_generated": true
    },
    "centroid": [
        8.726810932159424,
        -0.24997690692543964,
        -0.02133097735350024
    ],
    "dimensions": [
        0.06219768524169922,
        0.025365166366100228,
        0.051341014856006985
    ],
    "heading": 0.0,
    "largest_face": 0.003193292282003326,
    "name": {
        "string": "screen",
        "similarity_to_image": [
            2.625,
            2.703125,
            3.28125
        ]
    }
}