{
    "image": {
        "crop_coords": [
            [
                69,
                38
            ],
            [
                206,
                113
            ]
        ],
        "is_caption_generated": true
    },
    "centroid": [
        3.2511183023452763,
        8.485979557037354,
        -0.24880468100309377
    ],
    "dimensions": [
        0.0022156238555908203,
        0.0029211044311523438,
        0.018482640385627747
    ],
    "heading": 0.0,
    "largest_face": 5.3989722729852474e-05,
    "name": {
        "string": "table",
        "similarity_to_image": [
            2.546875,
            2.484375,
            2.859375
        ]
    }
}