{
    "image": {
        "crop_coords": [
            [
                121,
                71
            ],
            [
                362,
                212
            ]
        ],
        "is_caption_generated": true
    },
    "centroid": [
        17.469147330836247,
        9.514692657872251,
        -0.1417480803241855
    ],
    "dimensions": [
        0.35652923583984375,
        0.042639732360839844,
        0.2218343671411276
    ],
    "heading": 0.0,
    "largest_face": 0.07909043739984156,
    "name": {
        "string": "cabinet",
        "similarity_to_image": [
            4.1875,
            4.5,
            4.375
        ]
    }
}