{
    "image": {
        "crop_coords": [
            [
                52,
                30
            ],
            [
                156,
                89
            ]
        ],
        "is_caption_generated": true
    },
    "centroid": [
        18.222639083862305,
        2.4788479804992667,
        -0.09251233190298083
    ],
    "dimensions": [
        0.0,
        0.0,
        0.0
    ],
    "heading": 0.0,
    "largest_face": 0.0,
    "name": {
        "string": "chair",
        "similarity_to_image": [
            3.390625,
            3.640625,
            3.71875
        ]
    }
}