{
    "image": {
        "crop_coords": [
            [
                42,
                32
            ],
            [
                124,
                96
            ]
        ],
        "is_caption_generated": true
    },
    "centroid": [
        12.276962757110596,
        8.608283996582031,
        -0.045132426545023946
    ],
    "dimensions": [
        0.013936042785644531,
        0.09361648559570312,
        0.017105091363191605
    ],
    "heading": 0.0,
    "largest_face": 0.0016013185392154128,
    "name": {
        "string": "chair",
        "similarity_to_image": [
            3.546875,
            4.125,
            3.90625
        ]
    }
}