{
    "image": {
        "crop_coords": [
            [
                66,
                125
            ],
            [
                196,
                374
            ]
        ],
        "is_caption_generated": true
    },
    "centroid": [
        -2.5735602895418803,
        7.366877834002177,
        0.14923391540845235
    ],
    "dimensions": [
        0.04180175065994263,
        0.006032466888427734,
        0.09658569693565369
    ],
    "heading": 0.0,
    "largest_face": 0.00403745122062098,
    "name": {
        "string": "screen",
        "similarity_to_image": [
            2.6875,
            2.84375,
            3.578125
        ]
    }
}