{
    "image": {
        "crop_coords": [
            [
                65,
                53
            ],
            [
                194,
                158
            ]
        ],
        "is_caption_generated": true
    },
    "centroid": [
        13.098471641540527,
        -1.2167809009551998,
        -0.21415601074695606
    ],
    "dimensions": [
        0.010585784912109375,
        0.045776367187500444,
        0.028753072023391807
    ],
    "heading": 0.0,
    "largest_face": 0.0013162111827114296,
    "name": {
        "string": "cabinet",
        "similarity_to_image": [
            3.640625,
            3.640625,
            4.375
        ]
    }
}