{
    "image": {
        "crop_coords": [
            [
                138,
                79
            ],
            [
                412,
                236
            ]
        ],
        "is_caption_generated": true
    },
    "centroid": [
        17.407761210487003,
        9.515493483770461,
        0.2322417873711813
    ],
    "dimensions": [
        0.3910341262817383,
        0.09470081329345703,
        0.25459808607896167
    ],
    "heading": 0.0,
    "largest_face": 0.09955654014288957,
    "name": {
        "string": "cabinet",
        "similarity_to_image": [
            4.125,
            4.5,
            4.4375
        ]
    }
}