{
    "image": {
        "crop_coords": [
            [
                86,
                130
            ],
            [
                257,
                390
            ]
        ],
        "is_caption_generated": true
    },
    "centroid": [
        -8.48243574194006,
        1.5194211972726355,
        -0.07855981757008551
    ],
    "dimensions": [
        0.2795572280883789,
        0.15644466876983665,
        0.22714059543795895
    ],
    "heading": 0.0,
    "largest_face": 0.06349879524697968,
    "name": {
        "string": "table",
        "similarity_to_image": [
            2.421875,
            3.03125,
            3.75
        ]
    }
}