{
    "image": {
        "crop_coords": [
            [
                62,
                85
            ],
            [
                185,
                254
            ]
        ],
        "is_caption_generated": true
    },
    "centroid": [
        -11.233808517456055,
        4.175477504730225,
        -0.5586692988872529
    ],
    "dimensions": [
        0.0,
        0.0,
        0.0
    ],
    "heading": 0.0,
    "largest_face": 0.0,
    "name": {
        "string": "table",
        "similarity_to_image": [
            2.453125,
            2.984375,
            3.0
        ]
    }
}