{
    "image": {
        "crop_coords": [
            [
                81,
                72
            ],
            [
                242,
                215
            ]
        ],
        "is_caption_generated": true
    },
    "centroid": [
        10.061369347572327,
        -1.0944308817386625,
        -0.1921291934326293
    ],
    "dimensions": [
        0.37398386001586914,
        0.027979731559753418,
        0.20552988350391396
    ],
    "heading": 0.0,
    "largest_face": 0.07686485918140565,
    "name": {
        "string": "cabinet",
        "similarity_to_image": [
            3.890625,
            4.375,
            4.4375
        ]
    }
}