{
    "image": {
        "crop_coords": [
            [
                66,
                57
            ],
            [
                198,
                170
            ]
        ],
        "is_caption_generated": true
    },
    "centroid": [
        1.3244151274363194,
        -2.474327484766643,
        -0.08201408768460781
    ],
    "dimensions": [
        0.3257521390914919,
        0.13142752647399902,
        0.37931027263402955
    ],
    "heading": 0.0,
    "largest_face": 0.12356113268991212,
    "name": {
        "string": "chair",
        "similarity_to_image": [
            4.03125,
            4.21875,
            4.03125
        ]
    }
}