{
    "image": {
        "crop_coords": [
            [
                82,
                40
            ],
            [
                245,
                120
            ]
        ],
        "is_caption_generated": true
    },
    "centroid": [
        14.211940129597982,
        -1.9182847936948144,
        0.23571279272437098
    ],
    "dimensions": [
        0.13157272338867188,
        0.14104044437408447,
        0.22695817053318035
    ],
    "heading": 0.0,
    "largest_face": 0.032010281226329,
    "name": {
        "string": "cabinet",
        "similarity_to_image": [
            2.875,
            2.953125,
            2.8125
        ]
    }
}