{
    "image": {
        "crop_coords": [
            [
                38,
                30
            ],
            [
                113,
                89
            ]
        ],
        "is_caption_generated": true
    },
    "centroid": [
        0.8618958294391637,
        2.1210691928863534,
        -0.3009035177528859
    ],
    "dimensions": [
        0.1929185986518862,
        0.026225090026855913,
        0.43260303139686596
    ],
    "heading": 0.0,
    "largest_face": 0.0834571705896413,
    "name": {
        "string": "cabinet",
        "similarity_to_image": [
            3.15625,
            3.078125,
            3.515625
        ]
    }
}