{
    "image": {
        "crop_coords": [
            [
                68,
                72
            ],
            [
                202,
                248
            ]
        ],
        "is_caption_generated": true
    },
    "centroid": [
        17.530832290649414,
        7.737219492594401,
        -0.5380307038625084
    ],
    "dimensions": [
        0.021047592163085938,
        0.2938046455383301,
        0.12038224935531622
    ],
    "heading": 0.0,
    "largest_face": 0.03536886410094554,
    "name": {
        "string": "table",
        "similarity_to_image": [
            3.25,
            3.40625,
            2.703125
        ]
    }
}