{
    "image": {
        "crop_coords": [
            [
                88,
                58
            ],
            [
                262,
                173
            ]
        ],
        "is_caption_generated": true
    },
    "centroid": [
        -7.5079755783081055,
        7.348877429962158,
        -0.2840473875403404
    ],
    "dimensions": [
        0.05413532257080078,
        0.018242835998535156,
        0.07637490332126617
    ],
    "heading": 0.0,
    "largest_face": 0.004134580027610468,
    "name": {
        "string": "chair",
        "similarity_to_image": [
            3.3125,
            3.4375,
            3.828125
        ]
    }
}