{
    "image": {
        "crop_coords": [
            [
                46,
                54
            ],
            [
                137,
                161
            ]
        ],
        "is_caption_generated": true
    },
    "centroid": [
        -3.015016257762909,
        7.39906919002533,
        0.03786160983145239
    ],
    "dimensions": [
        0.28044593334198,
        0.009513616561889648,
        0.14344275370240217
    ],
    "heading": 0.0,
    "largest_face": 0.04022793694321393,
    "name": {
        "string": "screen",
        "similarity_to_image": [
            2.921875,
            3.34375,
            3.140625
        ]
    }
}