{
    "image": {
        "crop_coords": [
            [
                44,
                34
            ],
            [
                131,
                100
            ]
        ],
        "is_caption_generated": true
    },
    "centroid": [
        5.601480007171631,
        9.188756942749023,
        -0.4282859563827516
    ],
    "dimensions": [
        0.0,
        0.0,
        0.0
    ],
    "heading": 0.0,
    "largest_face": 0.0,
    "name": {
        "string": "cabinet",
        "similarity_to_image": [
            4.03125,
            4.34375,
            4.09375
        ]
    }
}