{
    "image": {
        "crop_coords": [
            [
                65,
                50
            ],
            [
                194,
                148
            ]
        ],
        "is_caption_generated": true
    },
    "centroid": [
        15.774862289428711,
        7.541883945465086,
        -0.12973697483539592
    ],
    "dimensions": [
        0.0,
        0.0,
        0.0
    ],
    "heading": 0.0,
    "largest_face": 0.0,
    "name": {
        "string": "chair",
        "similarity_to_image": [
            3.96875,
            4.21875,
            4.09375
        ]
    }
}