{
    "image": {
        "crop_coords": [
            [
                54,
                37
            ],
            [
                161,
                110
            ]
        ],
        "is_caption_generated": true
    },
    "centroid": [
        12.566741943359375,
        -0.20437307655811188,
        -0.052637896500527984
    ],
    "dimensions": [
        0.000652313232421875,
        0.012990355491637962,
        0.05515162833034995
    ],
    "heading": 0.0,
    "largest_face": 0.0007164392579539372,
    "name": {
        "string": "chair",
        "similarity_to_image": [
            3.65625,
            3.6875,
            4.1875
        ]
    }
}