{
    "image": {
        "crop_coords": [
            [
                112,
                20
            ],
            [
                334,
                58
            ]
        ],
        "is_caption_generated": true
    },
    "centroid": [
        17.55056381225586,
        8.1155366897583,
        -0.5895231366157532
    ],
    "dimensions": [
        0.0,
        0.0,
        0.0
    ],
    "heading": 0.0,
    "largest_face": 0.0,
    "name": {
        "string": "whiteboard",
        "similarity_to_image": [
            2.6875,
            2.703125,
            2.921875
        ]
    }
}