{
    "image": {
        "crop_coords": [
            [
                60,
                30
            ],
            [
                178,
                90
            ]
        ],
        "is_caption_generated": true
    },
    "centroid": [
        -7.858091354370117,
        4.372079849243164,
        -0.3204343020915986
    ],
    "dimensions": [
        0.0,
        0.0,
        0.0
    ],
    "heading": 0.0,
    "largest_face": 0.0,
    "name": {
        "string": "chair",
        "similarity_to_image": [
            2.734375,
            3.25,
            3.640625
        ]
    }
}