{
    "image": {
        "crop_coords": [
            [
                54,
                41
            ],
            [
                162,
                122
            ]
        ],
        "is_caption_generated": true
    },
    "centroid": [
        2.5050148963928223,
        1.0118774359042833,
        -0.09448946854816039
    ],
    "dimensions": [
        0.17123723030090288,
        0.06823432445526079,
        0.13444387679919603
    ],
    "heading": 0.0,
    "largest_face": 0.023021797094010144,
    "name": {
        "string": "chair",
        "similarity_to_image": [
            4.3125,
            4.375,
            4.0625
        ]
    }
}