{
    "image": {
        "crop_coords": [
            [
                88,
                56
            ],
            [
                262,
                168
            ]
        ],
        "is_caption_generated": true
    },
    "centroid": [
        -5.013289724077497,
        7.455582482474191,
        -0.3018674020256315
    ],
    "dimensions": [
        0.12650012969970703,
        0.24175643920898438,
        0.21551901102066034
    ],
    "heading": 0.0,
    "largest_face": 0.052103108686196706,
    "name": {
        "string": "chair",
        "similarity_to_image": [
            3.6875,
            3.96875,
            4.09375
        ]
    }
}