{
    "image": {
        "crop_coords": [
            [
                144,
                82
            ],
            [
                432,
                246
            ]
        ],
        "is_caption_generated": true
    },
    "centroid": [
        9.55955203374227,
        8.99583880106608,
        -0.15989114344120028
    ],
    "dimensions": [
        0.03886127471923828,
        0.017130374908447266,
        0.08107828348875049
    ],
    "heading": 0.0,
    "largest_face": 0.0031508054484206136,
    "name": {
        "string": "chair",
        "similarity_to_image": [
            3.46875,
            3.6875,
            4.25
        ]
    }
}