{
    "image": {
        "crop_coords": [
            [
                89,
                38
            ],
            [
                266,
                114
            ]
        ],
        "is_caption_generated": true
    },
    "centroid": [
        17.99712562561035,
        2.630293846130371,
        -0.1932548657059669
    ],
    "dimensions": [
        0.10037612915039062,
        0.042598724365234375,
        0.09254266321659088
    ],
    "heading": 0.0,
    "largest_face": 0.00928907431494963,
    "name": {
        "string": "chair",
        "similarity_to_image": [
            3.1875,
            3.578125,
            4.03125
        ]
    }
}