{
    "image": {
        "crop_coords": [
            [
                93,
                100
            ],
            [
                278,
                299
            ]
        ],
        "is_caption_generated": true
    },
    "centroid": [
        8.737009763717651,
        -0.24990381859242894,
        -0.12265884621592713
    ],
    "dimensions": [
        0.09859561920166016,
        0.026019796729087996,
        0.24948555132141348
    ],
    "heading": 0.0,
    "largest_face": 0.024598182414402325,
    "name": {
        "string": "screen",
        "similarity_to_image": [
            2.390625,
            2.390625,
            3.109375
        ]
    }
}