{
    "image": {
        "crop_coords": [
            [
                68,
                56
            ],
            [
                204,
                166
            ]
        ],
        "is_caption_generated": true
    },
    "centroid": [
        -16.170017162958782,
        7.632114748160045,
        -0.40046923421323316
    ],
    "dimensions": [
        0.007807731628417969,
        0.3716898759206142,
        0.19864813238382345
    ],
    "heading": 0.0,
    "largest_face": 0.07383549967760508,
    "name": {
        "string": "cabinet",
        "similarity_to_image": [
            4.0625,
            4.34375,
            3.890625
        ]
    }
}