{
    "image": {
        "crop_coords": [
            [
                108,
                110
            ],
            [
                479,
                328
            ]
        ],
        "is_caption_generated": true
    },
    "centroid": [
        16.897603578037685,
        9.537152343326145,
        0.023790088184695263
    ],
    "dimensions": [
        1.4020366668701172,
        0.12056732177734375,
        0.8653889000415808
    ],
    "heading": 0.0,
    "largest_face": 1.213306968960695,
    "name": {
        "string": "cabinet",
        "similarity_to_image": [
            3.015625,
            3.71875,
            4.375
        ]
    }
}