{
    "image": {
        "crop_coords": [
            [
                68,
                0
            ],
            [
                202,
                58
            ]
        ],
        "is_caption_generated": true
    },
    "centroid": [
        3.0654640396436057,
        8.361330469449362,
        -0.13096011872403324
    ],
    "dimensions": [
        0.07691204547882124,
        0.18169307708740234,
        0.24729048181325197
    ],
    "heading": 0.0,
    "largest_face": 0.04493096857507606,
    "name": {
        "string": "chair",
        "similarity_to_image": [
            3.25,
            3.203125,
            2.96875
        ]
    }
}