{
    "image": {
        "crop_coords": [
            [
                88,
                64
            ],
            [
                262,
                191
            ]
        ],
        "is_caption_generated": true
    },
    "centroid": [
        13.22597297032674,
        8.120679696400959,
        -0.2924260571599009
    ],
    "dimensions": [
        0.19369347890218158,
        0.14387671152750592,
        0.10006813704967502
    ],
    "heading": 0.0,
    "largest_face": 0.027867980788768232,
    "name": {
        "string": "chair",
        "similarity_to_image": [
            3.5,
            3.828125,
            3.90625
        ]
    }
}