{
    "image": {
        "crop_coords": [
            [
                78,
                69
            ],
            [
                232,
                206
            ]
        ],
        "is_caption_generated": true
    },
    "centroid": [
        3.248863532713482,
        -0.5443545828972541,
        -0.3307623550828016
    ],
    "dimensions": [
        0.4768263101577763,
        0.1520285308361054,
        0.29696182906627666
    ],
    "heading": 0.0,
    "largest_face": 0.141599213211377,
    "name": {
        "string": "cabinet",
        "similarity_to_image": [
            3.90625,
            4.59375,
            4.40625
        ]
    }
}