{
    "image": {
        "crop_coords": [
            [
                48,
                36
            ],
            [
                142,
                106
            ]
        ],
        "is_caption_generated": true
    },
    "centroid": [
        -10.209517002105713,
        4.1131677627563485,
        -0.43032878637313865
    ],
    "dimensions": [
        0.3300905227661133,
        0.04543113708496094,
        0.13827604055404663
    ],
    "heading": 0.0,
    "largest_face": 0.04564361051251353,
    "name": {
        "string": "cabinet",
        "similarity_to_image": [
            4.34375,
            4.25,
            4.5625
        ]
    }
}