{
    "image": {
        "crop_coords": [
            [
                79,
                64
            ],
            [
                236,
                190
            ]
        ],
        "is_caption_generated": true
    },
    "centroid": [
        14.236277103424072,
        -1.3471716940402985,
        -0.14996221289038658
    ],
    "dimensions": [
        0.10599422454833984,
        0.01498347520828247,
        0.0924466922879219
    ],
    "heading": 0.0,
    "largest_face": 0.009798815461117272,
    "name": {
        "string": "cabinet",
        "similarity_to_image": [
            3.640625,
            3.78125,
            3.375
        ]
    }
}