{
    "image": {
        "crop_coords": [
            [
                42,
                32
            ],
            [
                124,
                95
            ]
        ],
        "is_caption_generated": true
    },
    "centroid": [
        -2.254689455032349,
        -0.1201082020998001,
        -0.12432929128408429
    ],
    "dimensions": [
        0.0,
        0.0,
        0.0
    ],
    "heading": 0.0,
    "largest_face": 0.0,
    "name": {
        "string": "cabinet",
        "similarity_to_image": [
            2.96875,
            3.296875,
            3.296875
        ]
    }
}