{
    "image": {
        "crop_coords": [
            [
                26,
                33
            ],
            [
                77,
                126
            ]
        ],
        "is_caption_generated": true
    },
    "centroid": [
        20.715185165405273,
        -0.9379378259181971,
        0.010327233350835657
    ],
    "dimensions": [
        0.000629425048828125,
        0.006081044673919678,
        0.01577368681319058
    ],
    "heading": 0.0,
    "largest_face": 9.592049418342963e-05,
    "name": {
        "string": "table",
        "similarity_to_image": [
            2.390625,
            2.4375,
            2.484375
        ]
    }
}