{
    "image": {
        "crop_coords": [
            [
                54,
                42
            ],
            [
                162,
                124
            ]
        ],
        "is_caption_generated": true
    },
    "centroid": [
        2.393734574317932,
        0.950265228748322,
        -0.13266013190150266
    ],
    "dimensions": [
        0.06140017509460449,
        0.05729377269744873,
        0.1420883610844612
    ],
    "heading": 0.0,
    "largest_face": 0.008724250249491305,
    "name": {
        "string": "chair",
        "similarity_to_image": [
            4.28125,
            4.375,
            4.15625
        ]
    }
}