{
    "image": {
        "crop_coords": [
            [
                44,
                24
            ],
            [
                130,
                71
            ]
        ],
        "is_caption_generated": true
    },
    "centroid": [
        -2.4586168924967446,
        6.699517726898193,
        -0.2299246539672216
    ],
    "dimensions": [
        0.0,
        0.0,
        0.0
    ],
    "heading": 0.0,
    "largest_face": 0.0,
    "name": {
        "string": "chair",
        "similarity_to_image": [
            3.0625,
            3.609375,
            3.796875
        ]
    }
}