{
    "image": {
        "crop_coords": [
            [
                69,
                46
            ],
            [
                206,
                136
            ]
        ],
        "is_caption_generated": true
    },
    "centroid": [
        -9.546550178527832,
        6.107234859466553,
        -0.022688665986061098
    ],
    "dimensions": [
        0.0944061279296875,
        0.030132770538330078,
        0.11701625771820544
    ],
    "heading": 0.0,
    "largest_face": 0.011047051795998184,
    "name": {
        "string": "table",
        "similarity_to_image": [
            2.921875,
            2.984375,
            2.6875
        ]
    }
}