{
    "image": {
        "crop_coords": [
            [
                102,
                57
            ],
            [
                304,
                170
            ]
        ],
        "is_caption_generated": true
    },
    "centroid": [
        17.27601377891772,
        9.520854155222574,
        -0.3134398613915299
    ],
    "dimensions": [
        0.7503128051757812,
        0.05048529307047467,
        0.4596233665943146
    ],
    "heading": 0.0,
    "largest_face": 0.34486129751371664,
    "name": {
        "string": "cabinet",
        "similarity_to_image": [
            4.15625,
            4.5,
            4.28125
        ]
    }
}