{
    "image": {
        "crop_coords": [
            [
                30,
                26
            ],
            [
                89,
                76
            ]
        ],
        "is_caption_generated": true
    },
    "centroid": [
        10.868648529052734,
        0.08467158675193809,
        -0.1586075127124788
    ],
    "dimensions": [
        0.0,
        0.0,
        0.0
    ],
    "heading": 0.0,
    "largest_face": 0.0,
    "name": {
        "string": "chair",
        "similarity_to_image": [
            3.0625,
            3.640625,
            3.859375
        ]
    }
}