{
    "image": {
        "crop_coords": [
            [
                38,
                30
            ],
            [
                113,
                89
            ]
        ],
        "is_caption_generated": true
    },
    "centroid": [
        0.8820075541734698,
        2.1203973293304443,
        -0.39176641032099724
    ],
    "dimensions": [
        0.21992212533950783,
        0.02281141281127974,
        0.41608305275440227
    ],
    "heading": 0.0,
    "largest_face": 0.0915058692794987,
    "name": {
        "string": "cabinet",
        "similarity_to_image": [
            3.171875,
            3.09375,
            3.5
        ]
    }
}