{
    "image": {
        "crop_coords": [
            [
                60,
                52
            ],
            [
                180,
                156
            ]
        ],
        "is_caption_generated": true
    },
    "centroid": [
        17.652400493621826,
        -0.6431177109479903,
        -0.3162611424922945
    ],
    "dimensions": [
        0.027294158935546875,
        0.0571606159210204,
        0.12581941485404968
    ],
    "heading": 0.0,
    "largest_face": 0.007191915247879863,
    "name": {
        "string": "table",
        "similarity_to_image": [
            3.46875,
            3.71875,
            2.703125
        ]
    }
}