{
    "image": {
        "crop_coords": [
            [
                55,
                72
            ],
            [
                164,
                214
            ]
        ],
        "is_caption_generated": true
    },
    "centroid": [
        14.236711025238037,
        7.358359336853027,
        -0.26607245206832897
    ],
    "dimensions": [
        0.009789466857910156,
        0.11081886291503906,
        0.16837549209594732
    ],
    "heading": 0.0,
    "largest_face": 0.01865918057683303,
    "name": {
        "string": "table",
        "similarity_to_image": [
            3.375,
            3.34375,
            3.5625
        ]
    }
}