{
    "image": {
        "crop_coords": [
            [
                60,
                78
            ],
            [
                180,
                232
            ]
        ],
        "is_caption_generated": true
    },
    "centroid": [
        -2.485474348068237,
        -0.1343603208661086,
        -0.26567222177982336
    ],
    "dimensions": [
        0.07046604156494185,
        0.038276150822639465,
        0.21709707379341134
    ],
    "heading": 0.0,
    "largest_face": 0.015297971425553772,
    "name": {
        "string": "table",
        "similarity_to_image": [
            3.078125,
            3.140625,
            3.640625
        ]
    }
}