{
    "image": {
        "crop_coords": [
            [
                84,
                50
            ],
            [
                251,
                150
            ]
        ],
        "is_caption_generated": true
    },
    "centroid": [
        8.816963195800781,
        8.498783111572266,
        -0.2063158601522447
    ],
    "dimensions": [
        0.0,
        0.0,
        0.0
    ],
    "heading": 0.0,
    "largest_face": 0.0,
    "name": {
        "string": "chair",
        "similarity_to_image": [
            3.25,
            3.578125,
            3.75
        ]
    }
}