{
    "image": {
        "crop_coords": [
            [
                164,
                96
            ],
            [
                490,
                286
            ]
        ],
        "is_caption_generated": true
    },
    "centroid": [
        18.525355021158855,
        4.628492169910008,
        -0.1516769768463242
    ],
    "dimensions": [
        0.15054702758789062,
        0.030766963958740234,
        0.08948512375354775
    ],
    "heading": 0.0,
    "largest_face": 0.01347171939443116,
    "name": {
        "string": "chair",
        "similarity_to_image": [
            3.453125,
            3.609375,
            4.09375
        ]
    }
}