{
    "image": {
        "crop_coords": [
            [
                74,
                40
            ],
            [
                221,
                120
            ]
        ],
        "is_caption_generated": true
    },
    "centroid": [
        0.038705617189407376,
        -1.5168786644935612,
        -0.2316546589136124
    ],
    "dimensions": [
        0.0,
        0.0,
        0.0
    ],
    "heading": 0.0,
    "largest_face": 0.0,
    "name": {
        "string": "whiteboard",
        "similarity_to_image": [
            3.25,
            3.46875,
            3.640625
        ]
    }
}