{
    "image": {
        "crop_coords": [
            [
                58,
                46
            ],
            [
                173,
                136
            ]
        ],
        "is_caption_generated": true
    },
    "centroid": [
        17.64028549194336,
        -0.7076348662376403,
        -0.32268440723419195
    ],
    "dimensions": [
        0.0,
        0.0,
        0.0
    ],
    "heading": 0.0,
    "largest_face": 0.0,
    "name": {
        "string": "cabinet",
        "similarity_to_image": [
            4.21875,
            3.890625,
            3.34375
        ]
    }
}