{
    "image": {
        "crop_coords": [
            [
                54,
                34
            ],
            [
                161,
                100
            ]
        ],
        "is_caption_generated": true
    },
    "centroid": [
        22.732627868652344,
        -0.999623954296112,
        -0.23324955999851235
    ],
    "dimensions": [
        0.001312255859375,
        0.001152634620666726,
        0.03771165013313299
    ],
    "heading": 0.0,
    "largest_face": 4.948733385390377e-05,
    "name": {
        "string": "chair",
        "similarity_to_image": [
            3.375,
            3.328125,
            3.6875
        ]
    }
}