{
    "image": {
        "crop_coords": [
            [
                66,
                41
            ],
            [
                196,
                122
            ]
        ],
        "is_caption_generated": true
    },
    "centroid": [
        17.911283016204834,
        0.46635150164365796,
        -0.2485382482409476
    ],
    "dimensions": [
        0.19382572174072266,
        0.04208745062351227,
        0.05762621760368339
    ],
    "heading": 0.0,
    "largest_face": 0.01116944321822187,
    "name": {
        "string": "chair",
        "similarity_to_image": [
            3.40625,
            3.859375,
            4.28125
        ]
    }
}