{
    "image": {
        "crop_coords": [
            [
                40,
                34
            ],
            [
                120,
                102
            ]
        ],
        "is_caption_generated": true
    },
    "centroid": [
        -3.861297369003295,
        7.258620023727417,
        -0.1262850463390351
    ],
    "dimensions": [
        0.07847642898559526,
        0.005721569061279297,
        0.009221166372299208
    ],
    "heading": 0.0,
    "largest_face": 0.0007236442079800978,
    "name": {
        "string": "chair",
        "similarity_to_image": [
            3.1875,
            3.265625,
            2.890625
        ]
    }
}