{
    "image": {
        "crop_coords": [
            [
                66,
                41
            ],
            [
                196,
                122
            ]
        ],
        "is_caption_generated": true
    },
    "centroid": [
        17.93416782847622,
        0.11706066750022667,
        -0.18226163520624764
    ],
    "dimensions": [
        0.2613945007324219,
        0.5278407838195569,
        0.19262362644076347
    ],
    "heading": 0.0,
    "largest_face": 0.1379746781527233,
    "name": {
        "string": "chair",
        "similarity_to_image": [
            3.40625,
            3.859375,
            4.28125
        ]
    }
}