{
    "image": {
        "crop_coords": [
            [
                49,
                30
            ],
            [
                146,
                90
            ]
        ],
        "is_caption_generated": true
    },
    "centroid": [
        3.051612046029833,
        8.289646413591173,
        -0.11123194918036461
    ],
    "dimensions": [
        0.03063245614369725,
        0.19288380940755268,
        0.1826106794178486
    ],
    "heading": 0.0,
    "largest_face": 0.03522264348461601,
    "name": {
        "string": "chair",
        "similarity_to_image": [
            3.109375,
            3.71875,
            3.890625
        ]
    }
}