{
    "image": {
        "crop_coords": [
            [
                124,
                16
            ],
            [
                371,
                171
            ]
        ],
        "is_caption_generated": true
    },
    "centroid": [
        -10.823517417907714,
        3.4914362549781806,
        -0.17580858332415433
    ],
    "dimensions": [
        0.3513954480489101,
        0.23741793632507324,
        0.40958006493747257
    ],
    "heading": 0.0,
    "largest_face": 0.14392457043060486,
    "name": {
        "string": "chair",
        "similarity_to_image": [
            3.828125,
            4.21875,
            4.25
        ]
    }
}