{
    "image": {
        "crop_coords": [
            [
                50,
                38
            ],
            [
                150,
                112
            ]
        ],
        "is_caption_generated": true
    },
    "centroid": [
        18.004491806030273,
        6.87382099363539,
        -0.41617588864432437
    ],
    "dimensions": [
        0.13039779663085938,
        0.2418049176534014,
        0.06281429529190063
    ],
    "heading": 0.0,
    "largest_face": 0.03153082847650993,
    "name": {
        "string": "cabinet",
        "similarity_to_image": [
            4.375,
            4.53125,
            3.515625
        ]
    }
}