{
    "image": {
        "crop_coords": [
            [
                49,
                21
            ],
            [
                146,
                166
            ]
        ],
        "is_caption_generated": true
    },
    "centroid": [
        -0.6574948579072952,
        7.2076274156570435,
        0.18469423800706863
    ],
    "dimensions": [
        0.016654878854751587,
        0.0008790493011474609,
        0.052892878651618985
    ],
    "heading": 0.0,
    "largest_face": 0.0008809244862217906,
    "name": {
        "string": "screen",
        "similarity_to_image": [
            3.0,
            3.09375,
            3.71875
        ]
    }
}