{
    "image": {
        "crop_coords": [
            [
                80,
                83
            ],
            [
                240,
                248
            ]
        ],
        "is_caption_generated": true
    },
    "centroid": [
        -2.286980152130127,
        0.05287990820527585,
        -0.09580539379801072
    ],
    "dimensions": [
        0.2778491973876953,
        0.12479336763499327,
        0.1508872359991074
    ],
    "heading": 0.0,
    "largest_face": 0.041923897418399754,
    "name": {
        "string": "table",
        "similarity_to_image": [
            2.734375,
            3.40625,
            3.828125
        ]
    }
}