{
    "image": {
        "crop_coords": [
            [
                83,
                50
            ],
            [
                248,
                148
            ]
        ],
        "is_caption_generated": true
    },
    "centroid": [
        -11.519856452941895,
        1.5301212072372432,
        -0.1520077288150788
    ],
    "dimensions": [
        0.0,
        0.0,
        0.0
    ],
    "heading": 0.0,
    "largest_face": 0.0,
    "name": {
        "string": "chair",
        "similarity_to_image": [
            2.8125,
            3.078125,
            3.65625
        ]
    }
}