{
    "image": {
        "crop_coords": [
            [
                104,
                106
            ],
            [
                473,
                317
            ]
        ],
        "is_caption_generated": true
    },
    "centroid": [
        19.26252555847168,
        0.5544002294540407,
        -0.1992493137717247
    ],
    "dimensions": [
        0.055263519287109375,
        0.0264176726341252,
        0.24521874636411667
    ],
    "heading": 0.0,
    "largest_face": 0.013551650919254143,
    "name": {
        "string": "table",
        "similarity_to_image": [
            2.546875,
            2.84375,
            3.28125
        ]
    }
}