{
    "image": {
        "crop_coords": [
            [
                52,
                40
            ],
            [
                156,
                118
            ]
        ],
        "is_caption_generated": true
    },
    "centroid": [
        1.1419658064842229,
        -2.4562678337097177,
        -0.10748483240604406
    ],
    "dimensions": [
        0.19558751583099365,
        0.01238059997558505,
        0.07780256867408758
    ],
    "heading": 0.0,
    "largest_face": 0.015217211132235075,
    "name": {
        "string": "chair",
        "similarity_to_image": [
            3.9375,
            3.828125,
            3.78125
        ]
    }
}