{
    "image": {
        "crop_coords": [
            [
                28,
                51
            ],
            [
                84,
                152
            ]
        ],
        "is_caption_generated": true
    },
    "centroid": [
        9.907478332519531,
        -1.379161104559899,
        0.0011002587852999082
    ],
    "dimensions": [
        0.11181449890136719,
        0.025649279356002808,
        0.04269795469008385
    ],
    "heading": 0.0,
    "largest_face": 0.004774250407785006,
    "name": {
        "string": "table",
        "similarity_to_image": [
            2.515625,
            2.703125,
            2.09375
        ]
    }
}