{
    "image": {
        "crop_coords": [
            [
                68,
                106
            ],
            [
                202,
                316
            ]
        ],
        "is_caption_generated": true
    },
    "centroid": [
        -7.691549301147461,
        -0.30769015848636716,
        -0.5382320284843447
    ],
    "dimensions": [
        0.21680736541748136,
        0.022027164697647095,
        0.048989176750183105
    ],
    "heading": 0.0,
    "largest_face": 0.01062121434517853,
    "name": {
        "string": "table",
        "similarity_to_image": [
            2.296875,
            2.84375,
            3.21875
        ]
    }
}