{
    "image": {
        "crop_coords": [
            [
                105,
                62
            ],
            [
                314,
                185
            ]
        ],
        "is_caption_generated": true
    },
    "centroid": [
        -10.900201661246163,
        6.31572825568063,
        -0.2817980476788113
    ],
    "dimensions": [
        0.20944595336914062,
        0.09988164901733398,
        0.22329856455326091
    ],
    "heading": 0.0,
    "largest_face": 0.04676898073881832,
    "name": {
        "string": "cabinet",
        "similarity_to_image": [
            2.828125,
            2.859375,
            2.71875
        ]
    }
}