{
    "image": {
        "crop_coords": [
            [
                64,
                0
            ],
            [
                192,
                94
            ]
        ],
        "is_caption_generated": true
    },
    "centroid": [
        -3.891279233826532,
        7.167398479249743,
        -0.3999035341872111
    ],
    "dimensions": [
        0.21713153521219875,
        0.35843865076700876,
        0.20624065399169939
    ],
    "heading": 0.0,
    "largest_face": 0.07782833452042977,
    "name": {
        "string": "cabinet",
        "similarity_to_image": [
            3.609375,
            4.03125,
            4.4375
        ]
    }
}