{
    "image": {
        "crop_coords": [
            [
                76,
                104
            ],
            [
                228,
                311
            ]
        ],
        "is_caption_generated": true
    },
    "centroid": [
        -8.529672659360445,
        1.5483777247942405,
        -0.21581718440239253
    ],
    "dimensions": [
        0.24173466364542584,
        0.0335494279861448,
        0.10277381042639419
    ],
    "heading": 0.0,
    "largest_face": 0.024843992494983157,
    "name": {
        "string": "table",
        "similarity_to_image": [
            2.65625,
            3.171875,
            3.640625
        ]
    }
}