{
    "image": {
        "crop_coords": [
            [
                38,
                30
            ],
            [
                113,
                89
            ]
        ],
        "is_caption_generated": true
    },
    "centroid": [
        0.827003633975983,
        2.127104473114014,
        -0.27821635007858275
    ],
    "dimensions": [
        0.2766742110252386,
        0.03216266632079989,
        0.41404105722904205
    ],
    "heading": 0.0,
    "largest_face": 0.11455448284090088,
    "name": {
        "string": "cabinet",
        "similarity_to_image": [
            3.15625,
            3.078125,
            3.515625
        ]
    }
}