{
    "image": {
        "crop_coords": [
            [
                80,
                164
            ],
            [
                497,
                490
            ]
        ],
        "is_caption_generated": true
    },
    "centroid": [
        19.297781230170944,
        3.199397447604488,
        0.26620464156503265
    ],
    "dimensions": [
        0.12980270385742188,
        1.1780693531036377,
        0.744395196437836
    ],
    "heading": 0.0,
    "largest_face": 0.8769491675209768,
    "name": {
        "string": "cabinet",
        "similarity_to_image": [
            3.75,
            4.15625,
            3.9375
        ]
    }
}