{
    "image": {
        "crop_coords": [
            [
                80,
                83
            ],
            [
                240,
                248
            ]
        ],
        "is_caption_generated": true
    },
    "centroid": [
        -2.351954317092896,
        0.057877706363796765,
        -0.22473426759243026
    ],
    "dimensions": [
        0.19929242134094238,
        0.12373935990035545,
        0.11144530773162856
    ],
    "heading": 0.0,
    "largest_face": 0.024660316649720147,
    "name": {
        "string": "table",
        "similarity_to_image": [
            2.609375,
            3.390625,
            3.796875
        ]
    }
}