{
    "image": {
        "crop_coords": [
            [
                88,
                58
            ],
            [
                262,
                173
            ]
        ],
        "is_caption_generated": true
    },
    "centroid": [
        -7.515071511268616,
        7.2336262464523315,
        -0.3456493243575096
    ],
    "dimensions": [
        0.0006473064422607422,
        0.07482314109802246,
        0.1663404256105423
    ],
    "heading": 0.0,
    "largest_face": 0.012446113135762715,
    "name": {
        "string": "chair",
        "similarity_to_image": [
            3.3125,
            3.4375,
            3.828125
        ]
    }
}