{
    "image": {
        "crop_coords": [
            [
                41,
                68
            ],
            [
                122,
                204
            ]
        ],
        "is_caption_generated": true
    },
    "centroid": [
        -3.277107715606688,
        3.600597302118938,
        -0.22770395378271746
    ],
    "dimensions": [
        0.03464698791503906,
        0.18988299369811967,
        0.08407618105411527
    ],
    "heading": 0.0,
    "largest_face": 0.01596463695726054,
    "name": {
        "string": "table",
        "similarity_to_image": [
            3.359375,
            3.609375,
            3.5
        ]
    }
}