{
    "image": {
        "crop_coords": [
            [
                57,
                38
            ],
            [
                170,
                114
            ]
        ],
        "is_caption_generated": true
    },
    "centroid": [
        18.410977363586426,
        6.193838357925415,
        -0.18665414303541192
    ],
    "dimensions": [
        0.03171348571777344,
        0.025562763214111328,
        0.06949989497661602
    ],
    "heading": 0.0,
    "largest_face": 0.002204083926727666,
    "name": {
        "string": "chair",
        "similarity_to_image": [
            3.4375,
            3.75,
            3.9375
        ]
    }
}