{
    "image": {
        "crop_coords": [
            [
                78,
                203
            ],
            [
                501,
                608
            ]
        ],
        "is_caption_generated": true
    },
    "centroid": [
        19.401052402314683,
        4.142465600513276,
        -0.19711112571614123
    ],
    "dimensions": [
        0.041403452555339726,
        0.39467112223307277,
        0.37214314130445314
    ],
    "heading": 0.0,
    "largest_face": 0.1468741512099695,
    "name": {
        "string": "cabinet",
        "similarity_to_image": [
            3.609375,
            3.828125,
            4.09375
        ]
    }
}