{
    "image": {
        "crop_coords": [
            [
                46,
                36
            ],
            [
                138,
                106
            ]
        ],
        "is_caption_generated": true
    },
    "centroid": [
        -9.795615196228027,
        3.5305735468864445,
        -0.2815549820661546
    ],
    "dimensions": [
        0.10014152526855469,
        0.019465088844299316,
        0.021113365888595637
    ],
    "heading": 0.0,
    "largest_face": 0.0021143246636370406,
    "name": {
        "string": "cabinet",
        "similarity_to_image": [
            4.5,
            4.28125,
            4.40625
        ]
    }
}