{
    "image": {
        "crop_coords": [
            [
                30,
                40
            ],
            [
                90,
                119
            ]
        ],
        "is_caption_generated": true
    },
    "centroid": [
        13.435275793075562,
        -1.7391238510608678,
        -0.17334890738129627
    ],
    "dimensions": [
        0.07177400588989258,
        0.0012289881706237793,
        0.006125561892986298
    ],
    "heading": 0.0,
    "largest_face": 0.00043965611538610005,
    "name": {
        "string": "cabinet",
        "similarity_to_image": [
            3.0,
            3.015625,
            3.203125
        ]
    }
}