{
    "image": {
        "crop_coords": [
            [
                146,
                142
            ],
            [
                438,
                426
            ]
        ],
        "is_caption_generated": true
    },
    "centroid": [
        8.348086223464332,
        -1.475680979423454,
        -0.10855711000057018
    ],
    "dimensions": [
        0.8195900917053232,
        0.08353257179260232,
        0.4149306719856604
    ],
    "heading": 0.0,
    "largest_face": 0.3400730675040788,
    "name": {
        "string": "table",
        "similarity_to_image": [
            2.46875,
            2.375,
            3.515625
        ]
    }
}