{
    "image": {
        "crop_coords": [
            [
                40,
                34
            ],
            [
                120,
                102
            ]
        ],
        "is_caption_generated": true
    },
    "centroid": [
        18.783207416534424,
        9.124745845794678,
        -0.24372975155711188
    ],
    "dimensions": [
        0.09628772735595703,
        0.015532493591308594,
        0.06961182504892344
    ],
    "heading": 0.0,
    "largest_face": 0.00670276443106132,
    "name": {
        "string": "cabinet",
        "similarity_to_image": [
            3.4375,
            3.359375,
            3.234375
        ]
    }
}