{
    "image": {
        "crop_coords": [
            [
                76,
                52
            ],
            [
                227,
                154
            ]
        ],
        "is_caption_generated": true
    },
    "centroid": [
        9.502781772613526,
        9.031388854980468,
        -0.09692044742405417
    ],
    "dimensions": [
        0.09234046936035156,
        0.05380058288574219,
        0.0788466197748979
    ],
    "heading": 0.0,
    "largest_face": 0.007280733877491249,
    "name": {
        "string": "chair",
        "similarity_to_image": [
            3.4375,
            3.296875,
            3.75
        ]
    }
}