{
    "image": {
        "crop_coords": [
            [
                90,
                72
            ],
            [
                269,
                214
            ]
        ],
        "is_caption_generated": true
    },
    "centroid": [
        13.278666019439697,
        -1.343980073928833,
        -0.2833366629978021
    ],
    "dimensions": [
        0.22510051727294922,
        0.036959052085876465,
        0.04443624118963874
    ],
    "heading": 0.0,
    "largest_face": 0.010002620877453213,
    "name": {
        "string": "cabinet",
        "similarity_to_image": [
            3.53125,
            4.34375,
            4.4375
        ]
    }
}