{
    "image": {
        "crop_coords": [
            [
                103,
                116
            ],
            [
                308,
                417
            ]
        ],
        "is_caption_generated": true
    },
    "centroid": [
        16.982625219557022,
        0.05447265257438053,
        -0.3872024764617285
    ],
    "dimensions": [
        0.01441192626953125,
        0.20434264838695526,
        0.18672099709510837
    ],
    "heading": 0.0,
    "largest_face": 0.038155063055867425,
    "name": {
        "string": "table",
        "similarity_to_image": [
            2.796875,
            3.0,
            3.546875
        ]
    }
}