{
    "image": {
        "crop_coords": [
            [
                74,
                212
            ],
            [
                505,
                635
            ]
        ],
        "is_caption_generated": true
    },
    "centroid": [
        19.28794615818904,
        3.060398190143781,
        0.22334862104020065
    ],
    "dimensions": [
        0.06361045837402202,
        0.5035296082496648,
        0.6228701819976175
    ],
    "heading": 0.0,
    "largest_face": 0.3136335787316577,
    "name": {
        "string": "cabinet",
        "similarity_to_image": [
            3.71875,
            4.09375,
            3.890625
        ]
    }
}