{
    "image": {
        "crop_coords": [
            [
                90,
                148
            ],
            [
                268,
                442
            ]
        ],
        "is_caption_generated": true
    },
    "centroid": [
        -8.789636066981725,
        1.1314150009836466,
        -0.15742571971246178
    ],
    "dimensions": [
        0.6241397857666016,
        0.33350092172622703,
        0.40691440552473085
    ],
    "heading": 0.0,
    "largest_face": 0.25397146988954955,
    "name": {
        "string": "table",
        "similarity_to_image": [
            2.328125,
            2.890625,
            3.53125
        ]
    }
}