{
    "image": {
        "crop_coords": [
            [
                61,
                52
            ],
            [
                182,
                156
            ]
        ],
        "is_caption_generated": true
    },
    "centroid": [
        13.218038845062257,
        -1.7229468266169234,
        -0.11853078330556559
    ],
    "dimensions": [
        0.1022796630859375,
        0.01959925889968872,
        0.10535513361295071
    ],
    "heading": 0.0,
    "largest_face": 0.010775687570306527,
    "name": {
        "string": "table",
        "similarity_to_image": [
            3.375,
            4.0,
            3.890625
        ]
    }
}