{
    "image": {
        "crop_coords": [
            [
                62,
                34
            ],
            [
                184,
                100
            ]
        ],
        "is_caption_generated": true
    },
    "centroid": [
        -7.164762258529662,
        6.753055572509766,
        -0.21000539511442196
    ],
    "dimensions": [
        0.025055408477783203,
        0.14649105072021484,
        0.0932208448648453
    ],
    "heading": 0.0,
    "largest_face": 0.013656019513277332,
    "name": {
        "string": "chair",
        "similarity_to_image": [
            3.046875,
            3.359375,
            3.25
        ]
    }
}