{
    "image": {
        "crop_coords": [
            [
                29,
                22
            ],
            [
                86,
                66
            ]
        ],
        "is_caption_generated": true
    },
    "centroid": [
        -10.454411506652832,
        5.583565394083659,
        -0.3665797660748164
    ],
    "dimensions": [
        0.3026876449584961,
        0.06675910949707031,
        0.05851106345653534
    ],
    "heading": 0.0,
    "largest_face": 0.020207157633194583,
    "name": {
        "string": "cabinet",
        "similarity_to_image": [
            4.28125,
            4.3125,
            4.09375
        ]
    }
}