{
    "image": {
        "crop_coords": [
            [
                62,
                54
            ],
            [
                186,
                160
            ]
        ],
        "is_caption_generated": true
    },
    "centroid": [
        20.692355155944824,
        -3.805739998817444,
        -0.19263138622045517
    ],
    "dimensions": [
        0.08600807189941406,
        0.19377875328063965,
        0.17525114119052887
    ],
    "heading": 0.0,
    "largest_face": 0.03395994765091004,
    "name": {
        "string": "screen",
        "similarity_to_image": [
            3.515625,
            3.71875,
            3.515625
        ]
    }
}