{
    "image": {
        "crop_coords": [
            [
                46,
                57
            ],
            [
                138,
                170
            ]
        ],
        "is_caption_generated": true
    },
    "centroid": [
        -13.031430721282959,
        8.020293076833088,
        -0.42265929281711595
    ],
    "dimensions": [
        0.07347393035888672,
        0.008821805318197207,
        0.024216443300247192
    ],
    "heading": 0.0,
    "largest_face": 0.001779277268582291,
    "name": {
        "string": "cabinet",
        "similarity_to_image": [
            3.859375,
            4.375,
            4.3125
        ]
    }
}