{
    "image": {
        "crop_coords": [
            [
                74,
                2
            ],
            [
                221,
                93
            ]
        ],
        "is_caption_generated": true
    },
    "centroid": [
        13.051447868347168,
        8.12553071975708,
        -0.11451633274555213
    ],
    "dimensions": [
        0.05691337585449219,
        0.14606380462646484,
        0.3118924740701915
    ],
    "heading": 0.0,
    "largest_face": 0.0455562013970532,
    "name": {
        "string": "chair",
        "similarity_to_image": [
            3.453125,
            3.6875,
            3.78125
        ]
    }
}