{
    "image": {
        "crop_coords": [
            [
                50,
                29
            ],
            [
                148,
                86
            ]
        ],
        "is_caption_generated": true
    },
    "centroid": [
        14.92860746383667,
        8.425855159759521,
        -0.39108544588089
    ],
    "dimensions": [
        3.719329833984375e-05,
        0.1002664566040039,
        0.033483862876892145
    ],
    "heading": 0.0,
    "largest_face": 0.0033573082840803238,
    "name": {
        "string": "cabinet",
        "similarity_to_image": [
            4.34375,
            4.375,
            4.40625
        ]
    }
}