{
    "image": {
        "crop_coords": [
            [
                112,
                68
            ],
            [
                335,
                202
            ]
        ],
        "is_caption_generated": true
    },
    "centroid": [
        18.57703227996826,
        4.665616416931154,
        -0.1820764377713205
    ],
    "dimensions": [
        0.07345962524414062,
        0.1204986572265625,
        0.05667415261268616
    ],
    "heading": 0.0,
    "largest_face": 0.008851786202285439,
    "name": {
        "string": "chair",
        "similarity_to_image": [
            3.5,
            3.859375,
            3.9375
        ]
    }
}