{
    "image": {
        "crop_coords": [
            [
                55,
                0
            ],
            [
                164,
                67
            ]
        ],
        "is_caption_generated": true
    },
    "centroid": [
        -0.9231383601824441,
        6.868442376454671,
        -0.2606266935666403
    ],
    "dimensions": [
        0.021607458591461293,
        0.2296309471130371,
        0.2922704964876177
    ],
    "heading": 0.0,
    "largest_face": 0.06711435092164925,
    "name": {
        "string": "chair",
        "similarity_to_image": [
            3.265625,
            3.0,
            2.5
        ]
    }
}