{
    "image": {
        "crop_coords": [
            [
                42,
                34
            ],
            [
                124,
                100
            ]
        ],
        "is_caption_generated": true
    },
    "centroid": [
        -2.413435578346253,
        7.160100936889648,
        -0.2906747907400132
    ],
    "dimensions": [
        0.0042421817779541016,
        0.10718536376953125,
        0.05594983696937561
    ],
    "heading": 0.0,
    "largest_face": 0.005997003628408493,
    "name": {
        "string": "cabinet",
        "similarity_to_image": [
            3.890625,
            4.25,
            4.21875
        ]
    }
}