{
    "image": {
        "crop_coords": [
            [
                57,
                52
            ],
            [
                170,
                156
            ]
        ],
        "is_caption_generated": true
    },
    "centroid": [
        19.049257278442383,
        4.640437841415405,
        -0.7272205948829652
    ],
    "dimensions": [
        0.10698699951171875,
        0.12209272384643555,
        0.0021402835845947266
    ],
    "heading": 0.0,
    "largest_face": 0.013062334186543012,
    "name": {
        "string": "screen",
        "similarity_to_image": [
            3.15625,
            2.6875,
            2.875
        ]
    }
}