{
    "image": {
        "crop_coords": [
            [
                105,
                67
            ],
            [
                314,
                200
            ]
        ],
        "is_caption_generated": true
    },
    "centroid": [
        8.650345348176502,
        -1.4949495457467583,
        -0.05990762584621005
    ],
    "dimensions": [
        0.15198898315429688,
        0.012360572814941184,
        0.453560743480921
    ],
    "heading": 0.0,
    "largest_face": 0.06893623620037206,
    "name": {
        "string": "cabinet",
        "similarity_to_image": [
            2.84375,
            2.9375,
            2.890625
        ]
    }
}