{
    "image": {
        "crop_coords": [
            [
                88,
                57
            ],
            [
                262,
                170
            ]
        ],
        "is_caption_generated": true
    },
    "centroid": [
        -5.056790888309479,
        7.4676501750946045,
        -0.17915492753187817
    ],
    "dimensions": [
        0.0652019182840986,
        0.1301566759745283,
        0.1481244812409083
    ],
    "heading": 0.0,
    "largest_face": 0.019279390108767995,
    "name": {
        "string": "chair",
        "similarity_to_image": [
            3.578125,
            3.90625,
            4.28125
        ]
    }
}