{
    "image": {
        "crop_coords": [
            [
                86,
                130
            ],
            [
                257,
                390
            ]
        ],
        "is_caption_generated": true
    },
    "centroid": [
        -8.3839430809021,
        1.5311612486839294,
        -0.10367388743907216
    ],
    "dimensions": [
        0.13218021392822266,
        0.0619705915451052,
        0.16978130303323274
    ],
    "heading": 0.0,
    "largest_face": 0.022441728955945102,
    "name": {
        "string": "table",
        "similarity_to_image": [
            2.421875,
            3.03125,
            3.75
        ]
    }
}