{
    "image": {
        "crop_coords": [
            [
                122,
                83
            ],
            [
                366,
                248
            ]
        ],
        "is_caption_generated": true
    },
    "centroid": [
        3.4837607542673745,
        8.955512841542562,
        -0.34256433943907444
    ],
    "dimensions": [
        0.16504144668579102,
        0.4076704978942871,
        0.020641028881072998
    ],
    "heading": 0.0,
    "largest_face": 0.06728252874358986,
    "name": {
        "string": "chair",
        "similarity_to_image": [
            3.71875,
            4.15625,
            4.28125
        ]
    }
}