{
    "image": {
        "crop_coords": [
            [
                82,
                94
            ],
            [
                244,
                280
            ]
        ],
        "is_caption_generated": true
    },
    "centroid": [
        -2.378858049710592,
        0.05280376477943063,
        -0.3297238200902941
    ],
    "dimensions": [
        0.028180480003356934,
        0.09035284433048207,
        0.07195824384689331
    ],
    "heading": 0.0,
    "largest_face": 0.006501632004593221,
    "name": {
        "string": "table",
        "similarity_to_image": [
            2.59375,
            3.296875,
            3.609375
        ]
    }
}