{
    "image": {
        "crop_coords": [
            [
                100,
                54
            ],
            [
                298,
                160
            ]
        ],
        "is_caption_generated": true
    },
    "centroid": [
        -0.039681251859292416,
        -1.513375729322433,
        0.3281128630042076
    ],
    "dimensions": [
        0.06076550204306838,
        0.004283189773559792,
        0.09311819076538086
    ],
    "heading": 0.0,
    "largest_face": 0.005658373611200582,
    "name": {
        "string": "whiteboard",
        "similarity_to_image": [
            2.984375,
            3.1875,
            3.375
        ]
    }
}