{
    "image": {
        "crop_coords": [
            [
                95,
                48
            ],
            [
                284,
                142
            ]
        ],
        "is_caption_generated": true
    },
    "centroid": [
        0.8058460205793386,
        -0.9589759409427646,
        -0.10179314017295849
    ],
    "dimensions": [
        0.020690470933914074,
        0.0112016201019286,
        0.03282157331705096
    ],
    "heading": 0.0,
    "largest_face": 0.0006790938087217727,
    "name": {
        "string": "chair",
        "similarity_to_image": [
            3.90625,
            4.03125,
            4.28125
        ]
    }
}