{
    "image": {
        "crop_coords": [
            [
                49,
                38
            ],
            [
                146,
                112
            ]
        ],
        "is_caption_generated": true
    },
    "centroid": [
        -10.068575223286947,
        4.09761953353882,
        -0.40947155654430417
    ],
    "dimensions": [
        0.07653427124023438,
        0.010792255401611328,
        0.03564588725566875
    ],
    "heading": 0.0,
    "largest_face": 0.002728132003824166,
    "name": {
        "string": "cabinet",
        "similarity_to_image": [
            4.34375,
            4.375,
            4.5625
        ]
    }
}