{
    "image": {
        "crop_coords": [
            [
                42,
                84
            ],
            [
                125,
                252
            ]
        ],
        "is_caption_generated": true
    },
    "centroid": [
        -8.951842308044434,
        1.2678298950195306,
        -0.14303171634674078
    ],
    "dimensions": [
        0.0,
        0.0,
        0.0
    ],
    "heading": 0.0,
    "largest_face": 0.0,
    "name": {
        "string": "table",
        "similarity_to_image": [
            2.6875,
            3.078125,
            3.46875
        ]
    }
}