{
    "image": {
        "crop_coords": [
            [
                99,
                70
            ],
            [
                296,
                208
            ]
        ],
        "is_caption_generated": true
    },
    "centroid": [
        1.4243544277391944,
        9.861970550135561,
        0.295174558695994
    ],
    "dimensions": [
        1.3818793296813974,
        0.0899515151977539,
        1.282276570796967
    ],
    "heading": 0.0,
    "largest_face": 1.7719514881190737,
    "name": {
        "string": "cabinet",
        "similarity_to_image": [
            2.53125,
            3.03125,
            3.828125
        ]
    }
}