{
    "image": {
        "crop_coords": [
            [
                85,
                50
            ],
            [
                254,
                150
            ]
        ],
        "is_caption_generated": true
    },
    "centroid": [
        9.02488660812378,
        8.492327690124512,
        -0.1195828523486853
    ],
    "dimensions": [
        0.0706024169921875,
        0.06598186492919922,
        0.08853474259376529
    ],
    "heading": 0.0,
    "largest_face": 0.0062507668149010005,
    "name": {
        "string": "table",
        "similarity_to_image": [
            2.03125,
            2.21875,
            2.5
        ]
    }
}