{
    "image": {
        "crop_coords": [
            [
                35,
                28
            ],
            [
                104,
                83
            ]
        ],
        "is_caption_generated": true
    },
    "centroid": [
        -8.889067840576171,
        1.1670747041702263,
        -0.3628123283386233
    ],
    "dimensions": [
        0.2643775939941406,
        0.18912994861602783,
        0.13062843680381786
    ],
    "heading": 0.0,
    "largest_face": 0.050001720767340885,
    "name": {
        "string": "chair",
        "similarity_to_image": [
            2.859375,
            3.03125,
            2.65625
        ]
    }
}