{
    "image": {
        "crop_coords": [
            [
                90,
                92
            ],
            [
                269,
                274
            ]
        ],
        "is_caption_generated": true
    },
    "centroid": [
        -0.607095891609788,
        7.144017368555069,
        -0.3583272527903319
    ],
    "dimensions": [
        0.30940523743629467,
        0.073256015777587,
        0.18403947353363037
    ],
    "heading": 0.0,
    "largest_face": 0.056942777006323574,
    "name": {
        "string": "table",
        "similarity_to_image": [
            3.15625,
            3.328125,
            3.65625
        ]
    }
}