{
    "image": {
        "crop_coords": [
            [
                118,
                34
            ],
            [
                354,
                172
            ]
        ],
        "is_caption_generated": true
    },
    "centroid": [
        -9.600321981641981,
        3.492198679182265,
        -0.02136945310566162
    ],
    "dimensions": [
        0.18468825022379498,
        0.013600269953410571,
        0.2367543602983158
    ],
    "heading": 0.0,
    "largest_face": 0.04372574853634986,
    "name": {
        "string": "chair",
        "similarity_to_image": [
            2.90625,
            3.359375,
            4.09375
        ]
    }
}