{
    "image": {
        "crop_coords": [
            [
                109,
                61
            ],
            [
                326,
                182
            ]
        ],
        "is_caption_generated": true
    },
    "centroid": [
        -17.354625701904297,
        3.010815620422363,
        -0.4252337515354158
    ],
    "dimensions": [
        0.013858795166015625,
        0.09748482704162598,
        0.22860056161880504
    ],
    "heading": 0.0,
    "largest_face": 0.02228508621102777,
    "name": {
        "string": "cabinet",
        "similarity_to_image": [
            3.828125,
            3.859375,
            3.6875
        ]
    }
}