{
    "image": {
        "crop_coords": [
            [
                52,
                30
            ],
            [
                154,
                89
            ]
        ],
        "is_caption_generated": true
    },
    "centroid": [
        17.630112330118816,
        2.270785331726076,
        -0.3827238877614341
    ],
    "dimensions": [
        0.06652450561523438,
        0.21285748481750577,
        0.10490924119949341
    ],
    "heading": 0.0,
    "largest_face": 0.02233071721583722,
    "name": {
        "string": "chair",
        "similarity_to_image": [
            3.375,
            3.515625,
            3.9375
        ]
    }
}