{
    "image": {
        "crop_coords": [
            [
                58,
                48
            ],
            [
                173,
                144
            ]
        ],
        "is_caption_generated": true
    },
    "centroid": [
        23.008294105529785,
        -3.193181395530701,
        -0.20134010165929808
    ],
    "dimensions": [
        0.013837814331054688,
        0.05371212959289551,
        0.08371327817440033
    ],
    "heading": 0.0,
    "largest_face": 0.004496418445949502,
    "name": {
        "string": "chair",
        "similarity_to_image": [
            3.5625,
            3.65625,
            3.71875
        ]
    }
}