{
    "image": {
        "crop_coords": [
            [
                24,
                18
            ],
            [
                70,
                52
            ]
        ],
        "is_caption_generated": true
    },
    "centroid": [
        3.0758532285690308,
        -0.3036726117134094,
        -0.24937684834003448
    ],
    "dimensions": [
        0.037513494491576704,
        0.0384052991867066,
        0.1591590344905853
    ],
    "heading": 0.0,
    "largest_face": 0.006112550337878283,
    "name": {
        "string": "cabinet",
        "similarity_to_image": [
            4.3125,
            4.3125,
            3.640625
        ]
    }
}