{
    "image": {
        "crop_coords": [
            [
                88,
                48
            ],
            [
                264,
                143
            ]
        ],
        "is_caption_generated": true
    },
    "centroid": [
        0.7421735823154453,
        -1.0116149336099627,
        0.11809711158275604
    ],
    "dimensions": [
        0.02994757890701294,
        0.03736323118209839,
        0.06749539822340012
    ],
    "heading": 0.0,
    "largest_face": 0.0025218461675486914,
    "name": {
        "string": "chair",
        "similarity_to_image": [
            4.21875,
            4.4375,
            4.125
        ]
    }
}