{
    "image": {
        "crop_coords": [
            [
                86,
                48
            ],
            [
                256,
                142
            ]
        ],
        "is_caption_generated": true
    },
    "centroid": [
        0.6928986310958867,
        -1.1815824806690223,
        0.04882315360009668
    ],
    "dimensions": [
        0.0431138277053833,
        0.10479986667633079,
        0.1644019819796086
    ],
    "heading": 0.0,
    "largest_face": 0.017229305792787517,
    "name": {
        "string": "chair",
        "similarity_to_image": [
            4.15625,
            4.375,
            4.28125
        ]
    }
}