{
    "image": {
        "crop_coords": [
            [
                85,
                139
            ],
            [
                491,
                416
            ]
        ],
        "is_caption_generated": true
    },
    "centroid": [
        19.444921968159854,
        1.3803629572330804,
        -0.26493984353442107
    ],
    "dimensions": [
        0.49588489532470703,
        1.5737685561180133,
        0.7335733436048034
    ],
    "heading": 0.0,
    "largest_face": 1.1544746617715946,
    "name": {
        "string": "cabinet",
        "similarity_to_image": [
            4.03125,
            4.3125,
            4.375
        ]
    }
}