{
    "image": {
        "crop_coords": [
            [
                118,
                76
            ],
            [
                353,
                226
            ]
        ],
        "is_caption_generated": true
    },
    "centroid": [
        0.929191529750824,
        -0.8967794775962827,
        0.04541811719536781
    ],
    "dimensions": [
        0.0,
        0.0,
        0.0
    ],
    "heading": 0.0,
    "largest_face": 0.0,
    "name": {
        "string": "chair",
        "similarity_to_image": [
            3.859375,
            4.15625,
            4.25
        ]
    }
}