{
    "image": {
        "crop_coords": [
            [
                28,
                30
            ],
            [
                82,
                90
            ]
        ],
        "is_caption_generated": true
    },
    "centroid": [
        13.727647304534912,
        -0.21199100464582432,
        -0.3692696988582611
    ],
    "dimensions": [
        0.0027723312377929688,
        0.02455301582813285,
        0.10875040292739863
    ],
    "heading": 0.0,
    "largest_face": 0.002670150364392244,
    "name": {
        "string": "table",
        "similarity_to_image": [
            3.125,
            2.6875,
            2.59375
        ]
    }
}