{
    "image": {
        "crop_coords": [
            [
                18,
                26
            ],
            [
                52,
                77
            ]
        ],
        "is_caption_generated": true
    },
    "centroid": [
        -0.6168638467788696,
        3.179683923721314,
        -0.007744679227471352
    ],
    "dimensions": [
        0.0,
        0.0,
        0.0
    ],
    "heading": 0.0,
    "largest_face": 0.0,
    "name": {
        "string": "screen",
        "similarity_to_image": [
            3.28125,
            3.4375,
            3.15625
        ]
    }
}