{
    "image": {
        "crop_coords": [
            [
                50,
                72
            ],
            [
                148,
                215
            ]
        ],
        "is_caption_generated": true
    },
    "centroid": [
        -6.539766311645508,
        7.607442776362101,
        0.08528136803458132
    ],
    "dimensions": [
        0.3845481872558594,
        0.020729223887125947,
        0.19829983326296005
    ],
    "heading": 0.0,
    "largest_face": 0.07625584141441046,
    "name": {
        "string": "screen",
        "similarity_to_image": [
            2.984375,
            3.328125,
            3.21875
        ]
    }
}