{
    "image": {
        "crop_coords": [
            [
                34,
                1
            ],
            [
                102,
                96
            ]
        ],
        "is_caption_generated": true
    },
    "centroid": [
        -2.9341766834259033,
        3.4342414140701303,
        -0.16091361641883864
    ],
    "dimensions": [
        0.2246556282043457,
        0.04891228675842241,
        0.006239891052246149
    ],
    "heading": 0.0,
    "largest_face": 0.010988420508624485,
    "name": {
        "string": "table",
        "similarity_to_image": [
            2.875,
            2.34375,
            2.1875
        ]
    }
}