{
    "image": {
        "crop_coords": [
            [
                46,
                36
            ],
            [
                138,
                107
            ]
        ],
        "is_caption_generated": true
    },
    "centroid": [
        -2.182184100151062,
        -0.007445195793115977,
        -0.20420570820569994
    ],
    "dimensions": [
        0.07640230655670166,
        0.041202551685273536,
        0.2035494670271874
    ],
    "heading": 0.0,
    "largest_face": 0.015551648779264408,
    "name": {
        "string": "cabinet",
        "similarity_to_image": [
            2.5625,
            3.296875,
            3.578125
        ]
    }
}