{
    "image": {
        "crop_coords": [
            [
                85,
                139
            ],
            [
                491,
                416
            ]
        ],
        "is_caption_generated": true
    },
    "centroid": [
        19.49947530497014,
        1.3525969997119678,
        0.09866403113193573
    ],
    "dimensions": [
        0.48398303985595703,
        1.5524240136146554,
        1.1401765942573552
    ],
    "heading": 0.0,
    "largest_face": 1.770037524686492,
    "name": {
        "string": "table",
        "similarity_to_image": [
            4.03125,
            4.3125,
            4.375
        ]
    }
}