{
    "image": {
        "crop_coords": [
            [
                43,
                35
            ],
            [
                128,
                104
            ]
        ],
        "is_caption_generated": true
    },
    "centroid": [
        9.737784385681154,
        -1.0923818349838255,
        -0.09537112712860121
    ],
    "dimensions": [
        0.0,
        0.0,
        0.0
    ],
    "heading": 0.0,
    "largest_face": 0.0,
    "name": {
        "string": "cabinet",
        "similarity_to_image": [
            3.9375,
            4.3125,
            4.3125
        ]
    }
}