{
    "image": {
        "crop_coords": [
            [
                108,
                60
            ],
            [
                322,
                179
            ]
        ],
        "is_caption_generated": true
    },
    "centroid": [
        -17.364827728271486,
        2.9937626838684084,
        0.26805060505867007
    ],
    "dimensions": [
        0.03426361083984375,
        0.2985570430755615,
        0.11530950665473932
    ],
    "heading": 0.0,
    "largest_face": 0.03442646534534076,
    "name": {
        "string": "cabinet",
        "similarity_to_image": [
            3.90625,
            4.09375,
            3.96875
        ]
    }
}