{
    "image": {
        "crop_coords": [
            [
                49,
                38
            ],
            [
                146,
                112
            ]
        ],
        "is_caption_generated": true
    },
    "centroid": [
        -10.002957820892334,
        4.073690891265869,
        -0.30827330052852653
    ],
    "dimensions": [
        0.005288124084472656,
        0.0020303726196297944,
        0.04065403342247009
    ],
    "heading": 0.0,
    "largest_face": 0.00021498357327232043,
    "name": {
        "string": "cabinet",
        "similarity_to_image": [
            4.34375,
            4.375,
            4.53125
        ]
    }
}