{
    "image": {
        "crop_coords": [
            [
                53,
                72
            ],
            [
                158,
                215
            ]
        ],
        "is_caption_generated": true
    },
    "centroid": [
        14.937932014465332,
        8.408175468444824,
        -0.43048055469989804
    ],
    "dimensions": [
        0.009294509887693536,
        0.1087799072265625,
        0.04730001091957092
    ],
    "heading": 0.0,
    "largest_face": 0.005145290799646318,
    "name": {
        "string": "chair",
        "similarity_to_image": [
            3.46875,
            3.203125,
            2.984375
        ]
    }
}