{
    "image": {
        "crop_coords": [
            [
                34,
                38
            ],
            [
                102,
                113
            ]
        ],
        "is_caption_generated": true
    },
    "centroid": [
        10.621236801147461,
        -1.7212440371513371,
        0.32767513394355774
    ],
    "dimensions": [
        0.00213623046875,
        0.012093901634216309,
        0.012238383293151855
    ],
    "heading": 0.0,
    "largest_face": 0.0001480098037092148,
    "name": {
        "string": "screen",
        "similarity_to_image": [
            3.21875,
            3.859375,
            3.609375
        ]
    }
}