{
    "image": {
        "crop_coords": [
            [
                36,
                48
            ],
            [
                108,
                142
            ]
        ],
        "is_caption_generated": true
    },
    "centroid": [
        13.58825159072876,
        -1.7573781609535222,
        -0.09627415984869012
    ],
    "dimensions": [
        0.05053901672363281,
        0.01980435848236084,
        0.045517168939113645
    ],
    "heading": 0.0,
    "largest_face": 0.0023003929622262844,
    "name": {
        "string": "table",
        "similarity_to_image": [
            3.96875,
            4.0,
            3.515625
        ]
    }
}