{
    "image": {
        "crop_coords": [
            [
                86,
                48
            ],
            [
                256,
                142
            ]
        ],
        "is_caption_generated": true
    },
    "centroid": [
        0.7471327424049378,
        -1.0415647506713868,
        0.07970652040094137
    ],
    "dimensions": [
        0.06801432371139526,
        0.08641910552978527,
        0.1502963276579976
    ],
    "heading": 0.0,
    "largest_face": 0.01298847420061568,
    "name": {
        "string": "chair",
        "similarity_to_image": [
            4.1875,
            4.375,
            4.28125
        ]
    }
}