{
    "image": {
        "crop_coords": [
            [
                62,
                21
            ],
            [
                186,
                109
            ]
        ],
        "is_caption_generated": true
    },
    "centroid": [
        6.2284955978393555,
        8.480277061462402,
        -0.25184494256973267
    ],
    "dimensions": [
        0.0,
        0.0,
        0.0
    ],
    "heading": 0.0,
    "largest_face": 0.0,
    "name": {
        "string": "chair",
        "similarity_to_image": [
            3.96875,
            4.09375,
            4.21875
        ]
    }
}