{
    "image": {
        "crop_coords": [
            [
                80,
                210
            ],
            [
                498,
                629
            ]
        ],
        "is_caption_generated": true
    },
    "centroid": [
        19.420447134290423,
        1.0728276972732844,
        0.3466985189879225
    ],
    "dimensions": [
        0.4833698272705078,
        1.561781525611878,
        1.1321112215518956
    ],
    "heading": 0.0,
    "largest_face": 1.7681103907576465,
    "name": {
        "string": "cabinet",
        "similarity_to_image": [
            3.96875,
            4.34375,
            4.1875
        ]
    }
}