{
    "image": {
        "crop_coords": [
            [
                48,
                39
            ],
            [
                144,
                116
            ]
        ],
        "is_caption_generated": true
    },
    "centroid": [
        17.608702387128556,
        2.1832089424133314,
        -0.40140309078352815
    ],
    "dimensions": [
        0.03361701965332031,
        0.09791421890258745,
        0.08933436870574962
    ],
    "heading": 0.0,
    "largest_face": 0.008747104932979225,
    "name": {
        "string": "chair",
        "similarity_to_image": [
            3.5625,
            3.90625,
            3.4375
        ]
    }
}