{
    "image": {
        "crop_coords": [
            [
                50,
                26
            ],
            [
                149,
                78
            ]
        ],
        "is_caption_generated": true
    },
    "centroid": [
        5.612422466278076,
        8.746004104614258,
        -0.11591057851910595
    ],
    "dimensions": [
        0.03352928161621094,
        0.04771232604980469,
        0.10224958509206775
    ],
    "heading": 0.0,
    "largest_face": 0.004878565542369985,
    "name": {
        "string": "chair",
        "similarity_to_image": [
            3.046875,
            3.78125,
            4.09375
        ]
    }
}