{
    "image": {
        "crop_coords": [
            [
                80,
                51
            ],
            [
                238,
                152
            ]
        ],
        "is_caption_generated": true
    },
    "centroid": [
        18.22934341430664,
        2.2436188459396367,
        -0.11158079281449323
    ],
    "dimensions": [
        0.07574462890625,
        0.0682380199432373,
        0.19494416564702988
    ],
    "heading": 0.0,
    "largest_face": 0.014765973484372807,
    "name": {
        "string": "chair",
        "similarity_to_image": [
            3.828125,
            3.9375,
            4.25
        ]
    }
}