{
    "image": {
        "crop_coords": [
            [
                20,
                28
            ],
            [
                60,
                83
            ]
        ],
        "is_caption_generated": true
    },
    "centroid": [
        8.260074996948243,
        -1.4529186964035035,
        0.1569577783346176
    ],
    "dimensions": [
        0.0,
        0.0,
        0.0
    ],
    "heading": 0.0,
    "largest_face": 0.0,
    "name": {
        "string": "screen",
        "similarity_to_image": [
            4.09375,
            3.609375,
            3.171875
        ]
    }
}