{
    "image": {
        "crop_coords": [
            [
                60,
                0
            ],
            [
                180,
                39
            ]
        ],
        "is_caption_generated": true
    },
    "centroid": [
        16.477002716064455,
        7.759477996826172,
        -0.12780953645706186
    ],
    "dimensions": [
        0.011068344116210938,
        0.02213001251220792,
        0.16779845952987682
    ],
    "heading": 0.0,
    "largest_face": 0.003713382008925388,
    "name": {
        "string": "chair",
        "similarity_to_image": [
            3.34375,
            3.453125,
            3.796875
        ]
    }
}