{
    "image": {
        "crop_coords": [
            [
                74,
                42
            ],
            [
                220,
                126
            ]
        ],
        "is_caption_generated": true
    },
    "centroid": [
        -11.59457810719808,
        8.107618490854898,
        -0.08049469348043206
    ],
    "dimensions": [
        0.2853730519612636,
        0.19446150461832623,
        0.19139917567372325
    ],
    "heading": 0.0,
    "largest_face": 0.05549407306191111,
    "name": {
        "string": "cabinet",
        "similarity_to_image": [
            3.78125,
            3.9375,
            4.09375
        ]
    }
}