{
    "image": {
        "crop_coords": [
            [
                44,
                29
            ],
            [
                130,
                86
            ]
        ],
        "is_caption_generated": true
    },
    "centroid": [
        3.135564684867859,
        8.89092493057251,
        -0.3094309717416764
    ],
    "dimensions": [
        0.009630918502807617,
        0.041924476623535156,
        0.08975616097450267
    ],
    "heading": 0.0,
    "largest_face": 0.003762980072593796,
    "name": {
        "string": "chair",
        "similarity_to_image": [
            3.25,
            3.265625,
            3.890625
        ]
    }
}