{
    "image": {
        "crop_coords": [
            [
                76,
                60
            ],
            [
                228,
                180
            ]
        ],
        "is_caption_generated": true
    },
    "centroid": [
        19.53626537322998,
        -0.20325562730431568,
        -0.3477279394865036
    ],
    "dimensions": [
        0.04126930236816406,
        0.22018115967512109,
        0.0346432626247406
    ],
    "heading": 0.0,
    "largest_face": 0.009086722854405585,
    "name": {
        "string": "screen",
        "similarity_to_image": [
            3.109375,
            3.65625,
            3.796875
        ]
    }
}