{
    "image": {
        "crop_coords": [
            [
                47,
                36
            ],
            [
                140,
                106
            ]
        ],
        "is_caption_generated": true
    },
    "centroid": [
        -2.2064536213874817,
        -0.11772319488227365,
        -0.2238108552992345
    ],
    "dimensions": [
        0.10695457458496094,
        0.03451102972030634,
        0.3947833925485612
    ],
    "heading": 0.0,
    "largest_face": 0.042223889803239004,
    "name": {
        "string": "cabinet",
        "similarity_to_image": [
            2.953125,
            2.984375,
            3.546875
        ]
    }
}