{
    "image": {
        "crop_coords": [
            [
                81,
                132
            ],
            [
                242,
                396
            ]
        ],
        "is_caption_generated": true
    },
    "centroid": [
        8.306050194634333,
        -1.4689262873596618,
        -0.026364212460773934
    ],
    "dimensions": [
        0.5290783246358242,
        0.04737440745035815,
        0.09771608033527937
    ],
    "heading": 0.0,
    "largest_face": 0.05169946007376921,
    "name": {
        "string": "table",
        "similarity_to_image": [
            2.203125,
            2.46875,
            2.765625
        ]
    }
}