{
    "image": {
        "crop_coords": [
            [
                85,
                139
            ],
            [
                491,
                416
            ]
        ],
        "is_caption_generated": true
    },
    "centroid": [
        19.426170777403033,
        1.4873136502955664,
        -0.044875350410383846
    ],
    "dimensions": [
        0.4449443817138672,
        1.5826869010925304,
        1.1235594749450688
    ],
    "heading": 0.0,
    "largest_face": 1.7782428635939616,
    "name": {
        "string": "table",
        "similarity_to_image": [
            4.03125,
            4.3125,
            4.375
        ]
    }
}