{
    "image": {
        "crop_coords": [
            [
                34,
                22
            ],
            [
                102,
                65
            ]
        ],
        "is_caption_generated": true
    },
    "centroid": [
        -2.4402971267700204,
        6.641794443130492,
        -0.22684255987405788
    ],
    "dimensions": [
        0.01822280883789107,
        0.0937199592590332,
        0.07749091088771823
    ],
    "heading": 0.0,
    "largest_face": 0.007262445011342325,
    "name": {
        "string": "screen",
        "similarity_to_image": [
            2.59375,
            2.71875,
            2.390625
        ]
    }
}