{
    "image": {
        "crop_coords": [
            [
                66,
                41
            ],
            [
                196,
                122
            ]
        ],
        "is_caption_generated": true
    },
    "centroid": [
        17.944859504699707,
        0.4639505892992021,
        -0.19195423523584998
    ],
    "dimensions": [
        0.19382572174072266,
        0.04208745062351227,
        0.13651292771100998
    ],
    "heading": 0.0,
    "largest_face": 0.026459716740525607,
    "name": {
        "string": "chair",
        "similarity_to_image": [
            3.40625,
            3.859375,
            4.28125
        ]
    }
}