{
    "image": {
        "crop_coords": [
            [
                65,
                9
            ],
            [
                194,
                74
            ]
        ],
        "is_caption_generated": true
    },
    "centroid": [
        -4.344419797261556,
        6.988312880198161,
        -0.2651118983825047
    ],
    "dimensions": [
        0.0677194595336914,
        0.15334367752075195,
        0.1621781289577484
    ],
    "heading": 0.0,
    "largest_face": 0.024868990707815897,
    "name": {
        "string": "chair",
        "similarity_to_image": [
            3.453125,
            3.9375,
            3.9375
        ]
    }
}