{
    "image": {
        "crop_coords": [
            [
                51,
                90
            ],
            [
                152,
                269
            ]
        ],
        "is_caption_generated": true
    },
    "centroid": [
        -8.864226749965123,
        1.0963986941746298,
        -0.31472396211964765
    ],
    "dimensions": [
        0.4964132308959961,
        0.2817423939704897,
        0.29103854298591625
    ],
    "heading": 0.0,
    "largest_face": 0.14447538343890193,
    "name": {
        "string": "table",
        "similarity_to_image": [
            2.859375,
            3.03125,
            3.203125
        ]
    }
}