{
    "image": {
        "crop_coords": [
            [
                54,
                40
            ],
            [
                161,
                120
            ]
        ],
        "is_caption_generated": true
    },
    "centroid": [
        17.960397720336914,
        -4.60142707824707,
        0.16195549815893173
    ],
    "dimensions": [
        0.062145233154296875,
        0.0025234222412109375,
        0.1570138782262802
    ],
    "heading": 0.0,
    "largest_face": 0.009757664070832561,
    "name": {
        "string": "chair",
        "similarity_to_image": [
            2.84375,
            3.015625,
            3.6875
        ]
    }
}