{
    "image": {
        "crop_coords": [
            [
                58,
                35
            ],
            [
                174,
                104
            ]
        ],
        "is_caption_generated": true
    },
    "centroid": [
        6.211837927500407,
        0.1873191297054296,
        -0.1562572143351039
    ],
    "dimensions": [
        0.05079221725463867,
        0.06796978414058663,
        0.2975484961643816
    ],
    "heading": 0.0,
    "largest_face": 0.020224307055649187,
    "name": {
        "string": "chair",
        "similarity_to_image": [
            3.421875,
            3.640625,
            4.09375
        ]
    }
}