{
    "image": {
        "crop_coords": [
            [
                64,
                38
            ],
            [
                190,
                114
            ]
        ],
        "is_caption_generated": true
    },
    "centroid": [
        -0.16047647409141064,
        -1.4986878186464314,
        -0.006018591258907736
    ],
    "dimensions": [
        0.14046131819486624,
        0.017248570919037087,
        0.2583155520260335
    ],
    "heading": 0.0,
    "largest_face": 0.036283342947811215,
    "name": {
        "string": "whiteboard",
        "similarity_to_image": [
            3.109375,
            3.5625,
            3.75
        ]
    }
}