{
    "image": {
        "crop_coords": [
            [
                32,
                28
            ],
            [
                96,
                84
            ]
        ],
        "is_caption_generated": true
    },
    "centroid": [
        -0.9061222076416007,
        7.018653869628906,
        -0.2936612069606782
    ],
    "dimensions": [
        0.0,
        0.0,
        0.0
    ],
    "heading": 0.0,
    "largest_face": 0.0,
    "name": {
        "string": "cabinet",
        "similarity_to_image": [
            3.9375,
            4.375,
            4.3125
        ]
    }
}