{
    "image": {
        "crop_coords": [
            [
                32,
                24
            ],
            [
                95,
                72
            ]
        ],
        "is_caption_generated": true
    },
    "centroid": [
        -7.058962345123291,
        4.93724250793457,
        -0.5738632678985593
    ],
    "dimensions": [
        0.0,
        0.0,
        0.0
    ],
    "heading": 0.0,
    "largest_face": 0.0,
    "name": {
        "string": "chair",
        "similarity_to_image": [
            2.640625,
            3.453125,
            3.6875
        ]
    }
}