{
    "image": {
        "crop_coords": [
            [
                58,
                85
            ],
            [
                172,
                254
            ]
        ],
        "is_caption_generated": true
    },
    "centroid": [
        -3.278893748919169,
        7.40985553794437,
        0.06746247483210434
    ],
    "dimensions": [
        1.1638584136962895,
        0.09215990702311228,
        0.1443021042893331
    ],
    "heading": 0.0,
    "largest_face": 0.16794721819121974,
    "name": {
        "string": "screen",
        "similarity_to_image": [
            3.03125,
            3.25,
            3.75
        ]
    }
}