{
    "image": {
        "crop_coords": [
            [
                63,
                80
            ],
            [
                188,
                238
            ]
        ],
        "is_caption_generated": true
    },
    "centroid": [
        18.110491275787354,
        -0.7926159948110578,
        -0.08986955136060719
    ],
    "dimensions": [
        0.1421499252319336,
        0.007166534662246815,
        0.007364645600318881
    ],
    "heading": 0.0,
    "largest_face": 0.0010468838214450177,
    "name": {
        "string": "table",
        "similarity_to_image": [
            2.734375,
            2.703125,
            3.078125
        ]
    }
}