{
    "image": {
        "crop_coords": [
            [
                99,
                92
            ],
            [
                296,
                287
            ]
        ],
        "is_caption_generated": true
    },
    "centroid": [
        13.74479153951009,
        -1.1218620975812275,
        -0.30518963535626725
    ],
    "dimensions": [
        0.04389667510986328,
        0.3185216784477235,
        0.31872397661209106
    ],
    "heading": 0.0,
    "largest_face": 0.10152049599201622,
    "name": {
        "string": "cabinet",
        "similarity_to_image": [
            3.453125,
            3.71875,
            3.640625
        ]
    }
}