{
    "image": {
        "crop_coords": [
            [
                39,
                23
            ],
            [
                116,
                68
            ]
        ],
        "is_caption_generated": true
    },
    "centroid": [
        -2.5046889781951904,
        5.638421058654785,
        -0.2209265232086182
    ],
    "dimensions": [
        0.0,
        0.0,
        0.0
    ],
    "heading": 0.0,
    "largest_face": 0.0,
    "name": {
        "string": "table",
        "similarity_to_image": [
            1.75,
            1.78125,
            2.1875
        ]
    }
}