{
    "image": {
        "crop_coords": [
            [
                71,
                40
            ],
            [
                212,
                120
            ]
        ],
        "is_caption_generated": true
    },
    "centroid": [
        0.7619834840297701,
        -1.0016283094882967,
        0.10687455907464029
    ],
    "dimensions": [
        0.08502131700515758,
        0.10006755590438843,
        0.04354130476713183
    ],
    "heading": 0.0,
    "largest_face": 0.008507875392478336,
    "name": {
        "string": "chair",
        "similarity_to_image": [
            4.28125,
            4.21875,
            4.15625
        ]
    }
}