{
    "image": {
        "crop_coords": [
            [
                89,
                38
            ],
            [
                266,
                114
            ]
        ],
        "is_caption_generated": true
    },
    "centroid": [
        18.020433807373045,
        2.5472425937652585,
        -0.25126315951347356
    ],
    "dimensions": [
        0.12249374389648438,
        0.10291981697082564,
        0.019561603665352034
    ],
    "heading": 0.0,
    "largest_face": 0.012607033701897362,
    "name": {
        "string": "chair",
        "similarity_to_image": [
            3.171875,
            3.578125,
            4.03125
        ]
    }
}