{
    "image": {
        "crop_coords": [
            [
                52,
                40
            ],
            [
                154,
                119
            ]
        ],
        "is_caption_generated": true
    },
    "centroid": [
        17.846786499023438,
        -4.594810009002687,
        -0.05705304071307188
    ],
    "dimensions": [
        0.0,
        0.0,
        0.0
    ],
    "heading": 0.0,
    "largest_face": 0.0,
    "name": {
        "string": "chair",
        "similarity_to_image": [
            3.15625,
            3.546875,
            3.96875
        ]
    }
}