{
    "image": {
        "crop_coords": [
            [
                80,
                51
            ],
            [
                238,
                152
            ]
        ],
        "is_caption_generated": true
    },
    "centroid": [
        18.172613906860352,
        2.192175960540772,
        0.02303174957633015
    ],
    "dimensions": [
        5.91278076171875e-05,
        0.018992185592652255,
        0.06360480375587942
    ],
    "heading": 0.0,
    "largest_face": 0.0012079942375158872,
    "name": {
        "string": "chair",
        "similarity_to_image": [
            3.828125,
            3.9375,
            4.25
        ]
    }
}