{
    "image": {
        "crop_coords": [
            [
                35,
                1
            ],
            [
                104,
                99
            ]
        ],
        "is_caption_generated": true
    },
    "centroid": [
        -3.141845941543579,
        3.485426425933839,
        -0.15041776001453405
    ],
    "dimensions": [
        0.0,
        0.0,
        0.0
    ],
    "heading": 0.0,
    "largest_face": 0.0,
    "name": {
        "string": "table",
        "similarity_to_image": [
            2.59375,
            2.84375,
            2.515625
        ]
    }
}