{
    "image": {
        "crop_coords": [
            [
                39,
                47
            ],
            [
                116,
                140
            ]
        ],
        "is_caption_generated": true
    },
    "centroid": [
        -13.083971500396729,
        8.055735270182291,
        -0.2906781683365504
    ],
    "dimensions": [
        0.021996498107910156,
        0.05035972595214844,
        0.2161682099103928
    ],
    "heading": 0.0,
    "largest_face": 0.01088617181065388,
    "name": {
        "string": "cabinet",
        "similarity_to_image": [
            3.796875,
            4.25,
            4.375
        ]
    }
}