{
    "image": {
        "crop_coords": [
            [
                54,
                37
            ],
            [
                161,
                110
            ]
        ],
        "is_caption_generated": true
    },
    "centroid": [
        12.571605682373047,
        -0.1923413723707188,
        -0.08180743083357825
    ],
    "dimensions": [
        0.0,
        0.0,
        0.0
    ],
    "heading": 0.0,
    "largest_face": 0.0,
    "name": {
        "string": "chair",
        "similarity_to_image": [
            3.65625,
            3.6875,
            4.1875
        ]
    }
}