{
    "image": {
        "crop_coords": [
            [
                106,
                107
            ],
            [
                316,
                320
            ]
        ],
        "is_caption_generated": true
    },
    "centroid": [
        11.177639643351236,
        -1.5881712834040327,
        -0.06181394308805474
    ],
    "dimensions": [
        0.391197204589842,
        0.04190647602081299,
        0.2733532339334489
    ],
    "heading": 0.0,
    "largest_face": 0.10693502098035834,
    "name": {
        "string": "table",
        "similarity_to_image": [
            3.609375,
            4.0625,
            4.09375
        ]
    }
}