{
    "image": {
        "crop_coords": [
            [
                42,
                24
            ],
            [
                124,
                71
            ]
        ],
        "is_caption_generated": true
    },
    "centroid": [
        -2.431185722351075,
        6.594934463500976,
        -0.265588015317917
    ],
    "dimensions": [
        0.0,
        0.0,
        0.0
    ],
    "heading": 0.0,
    "largest_face": 0.0,
    "name": {
        "string": "chair",
        "similarity_to_image": [
            3.515625,
            3.71875,
            3.609375
        ]
    }
}