{
    "image": {
        "crop_coords": [
            [
                117,
                63
            ],
            [
                350,
                188
            ]
        ],
        "is_caption_generated": true
    },
    "centroid": [
        19.361543655395508,
        0.5590536679540364,
        0.36906993069819044
    ],
    "dimensions": [
        0.13099098205566406,
        0.03148669004440319,
        0.4697278365492821
    ],
    "heading": 0.0,
    "largest_face": 0.06153011060847291,
    "name": {
        "string": "cabinet",
        "similarity_to_image": [
            3.90625,
            3.96875,
            4.15625
        ]
    }
}