{
    "image": {
        "crop_coords": [
            [
                88,
                56
            ],
            [
                263,
                168
            ]
        ],
        "is_caption_generated": true
    },
    "centroid": [
        -5.0097404479980465,
        7.38836358388265,
        -0.18529762923717497
    ],
    "dimensions": [
        0.02767801284790039,
        0.051656246185302734,
        0.3214228935539722
    ],
    "heading": 0.0,
    "largest_face": 0.016603500119016342,
    "name": {
        "string": "chair",
        "similarity_to_image": [
            3.65625,
            3.96875,
            4.15625
        ]
    }
}