{
    "image": {
        "crop_coords": [
            [
                60,
                86
            ],
            [
                180,
                257
            ]
        ],
        "is_caption_generated": true
    },
    "centroid": [
        -11.396585464477539,
        4.1986072063446045,
        -0.40175685286521917
    ],
    "dimensions": [
        0.05958366394042969,
        0.009493350982666016,
        0.004604637622833252
    ],
    "heading": 0.0,
    "largest_face": 0.0005656486346197198,
    "name": {
        "string": "table",
        "similarity_to_image": [
            2.46875,
            2.921875,
            2.953125
        ]
    }
}