{
    "image": {
        "crop_coords": [
            [
                88,
                57
            ],
            [
                262,
                170
            ]
        ],
        "is_caption_generated": true
    },
    "centroid": [
        -4.97844295501709,
        7.3216133880615235,
        -0.2444490019977093
    ],
    "dimensions": [
        0.07648515701293945,
        0.33237457275390625,
        0.3961720289662482
    ],
    "heading": 0.0,
    "largest_face": 0.13167750886470492,
    "name": {
        "string": "chair",
        "similarity_to_image": [
            3.578125,
            3.90625,
            4.28125
        ]
    }
}