{
    "image": {
        "crop_coords": [
            [
                92,
                76
            ],
            [
                276,
                226
            ]
        ],
        "is_caption_generated": true
    },
    "centroid": [
        13.747957123650444,
        -1.2054408060179815,
        -0.27084606389204663
    ],
    "dimensions": [
        0.06632709503173828,
        0.3178309798240664,
        0.17869248986244196
    ],
    "heading": 0.0,
    "largest_face": 0.05679400914018198,
    "name": {
        "string": "cabinet",
        "similarity_to_image": [
            3.578125,
            4.21875,
            4.46875
        ]
    }
}