{
    "image": {
        "crop_coords": [
            [
                80,
                164
            ],
            [
                497,
                490
            ]
        ],
        "is_caption_generated": true
    },
    "centroid": [
        19.363008462465725,
        3.8111530184745788,
        0.1014360311656044
    ],
    "dimensions": [
        0.09303092956542969,
        0.9470276832580566,
        0.8656304478645322
    ],
    "heading": 0.0,
    "largest_face": 0.819775997598782,
    "name": {
        "string": "cabinet",
        "similarity_to_image": [
            3.75,
            4.15625,
            3.9375
        ]
    }
}