{
    "image": {
        "crop_coords": [
            [
                113,
                95
            ],
            [
                338,
                284
            ]
        ],
        "is_caption_generated": true
    },
    "centroid": [
        23.9561710357666,
        -2.470951318740845,
        -0.23807233572006242
    ],
    "dimensions": [
        0.0,
        0.0,
        0.0
    ],
    "heading": 0.0,
    "largest_face": 0.0,
    "name": {
        "string": "screen",
        "similarity_to_image": [
            3.390625,
            3.71875,
            3.609375
        ]
    }
}