{
    "image": {
        "crop_coords": [
            [
                80,
                50
            ],
            [
                240,
                150
            ]
        ],
        "is_caption_generated": true
    },
    "centroid": [
        -11.281582196553549,
        1.50752317905426,
        -0.1053762907783191
    ],
    "dimensions": [
        0.14696025848388672,
        0.04908692836761497,
        0.12062834948301315
    ],
    "heading": 0.0,
    "largest_face": 0.017727573420508236,
    "name": {
        "string": "chair",
        "similarity_to_image": [
            2.65625,
            3.109375,
            3.71875
        ]
    }
}