{
    "image": {
        "crop_coords": [
            [
                133,
                29
            ],
            [
                398,
                203
            ]
        ],
        "is_caption_generated": true
    },
    "centroid": [
        3.250085747760275,
        9.175313949584961,
        -0.26631272810956724
    ],
    "dimensions": [
        0.21285009384155273,
        0.21516704559326172,
        0.16306330263614666
    ],
    "heading": 0.0,
    "largest_face": 0.04579832584613541,
    "name": {
        "string": "chair",
        "similarity_to_image": [
            3.3125,
            4.0,
            4.25
        ]
    }
}