{
    "image": {
        "crop_coords": [
            [
                63,
                46
            ],
            [
                188,
                137
            ]
        ],
        "is_caption_generated": true
    },
    "centroid": [
        8.301768779754639,
        -0.022668313700704823,
        -0.043996714055538275
    ],
    "dimensions": [
        0.049881935119628906,
        0.020122473128140306,
        0.05795168876647953
    ],
    "heading": 0.0,
    "largest_face": 0.002890742379122459,
    "name": {
        "string": "chair",
        "similarity_to_image": [
            3.078125,
            3.515625,
            4.0
        ]
    }
}