{
    "image": {
        "crop_coords": [
            [
                64,
                33
            ],
            [
                191,
                98
            ]
        ],
        "is_caption_generated": true
    },
    "centroid": [
        -10.605576038360596,
        6.326237678527832,
        -0.2583201229572296
    ],
    "dimensions": [
        0.04893207550048828,
        0.017495155334472656,
        0.05932927131652832
    ],
    "heading": 0.0,
    "largest_face": 0.0029031043834493175,
    "name": {
        "string": "chair",
        "similarity_to_image": [
            3.515625,
            3.640625,
            3.40625
        ]
    }
}