{
    "image": {
        "crop_coords": [
            [
                52,
                34
            ],
            [
                155,
                100
            ]
        ],
        "is_caption_generated": true
    },
    "centroid": [
        -10.592380205790201,
        8.634555498758951,
        -0.318505197763443
    ],
    "dimensions": [
        0.013830184936523438,
        0.03750419616699219,
        0.10441663861274719
    ],
    "heading": 0.0,
    "largest_face": 0.003916062097630402,
    "name": {
        "string": "chair",
        "similarity_to_image": [
            3.28125,
            4.03125,
            3.609375
        ]
    }
}