{
    "image": {
        "crop_coords": [
            [
                60,
                51
            ],
            [
                179,
                152
            ]
        ],
        "is_caption_generated": true
    },
    "centroid": [
        6.576213359832764,
        -0.8144705692927042,
        -0.23680712282657637
    ],
    "dimensions": [
        0.14605045318603604,
        0.09337198734283447,
        0.2009983807802202
    ],
    "heading": 0.0,
    "largest_face": 0.029355904602610595,
    "name": {
        "string": "cabinet",
        "similarity_to_image": [
            4.4375,
            4.46875,
            4.53125
        ]
    }
}