{
    "image": {
        "crop_coords": [
            [
                37,
                76
            ],
            [
                110,
                227
            ]
        ],
        "is_caption_generated": true
    },
    "centroid": [
        -2.433949470520019,
        -0.04701909422874517,
        -0.057219054549932494
    ],
    "dimensions": [
        0.0,
        0.0,
        0.0
    ],
    "heading": 0.0,
    "largest_face": 0.0,
    "name": {
        "string": "chair",
        "similarity_to_image": [
            3.53125,
            3.453125,
            3.15625
        ]
    }
}