{
    "image": {
        "crop_coords": [
            [
                81,
                60
            ],
            [
                242,
                179
            ]
        ],
        "is_caption_generated": true
    },
    "centroid": [
        10.943618148565292,
        -1.5425707697868347,
        0.027296141245945663
    ],
    "dimensions": [
        0.45090436935424805,
        0.04152750968933083,
        0.14061841741204267
    ],
    "heading": 0.0,
    "largest_face": 0.06340545882276952,
    "name": {
        "string": "table",
        "similarity_to_image": [
            2.953125,
            2.671875,
            2.640625
        ]
    }
}