{
    "image": {
        "crop_coords": [
            [
                154,
                98
            ],
            [
                462,
                293
            ]
        ],
        "is_caption_generated": true
    },
    "centroid": [
        17.979981740315754,
        0.01582528279266441,
        -0.19948473142253034
    ],
    "dimensions": [
        0.0875091552734375,
        0.028320156542273784,
        0.06648151824871698
    ],
    "heading": 0.0,
    "largest_face": 0.005817741503240843,
    "name": {
        "string": "chair",
        "similarity_to_image": [
            3.71875,
            4.09375,
            4.1875
        ]
    }
}