{
    "image": {
        "crop_coords": [
            [
                100,
                3
            ],
            [
                298,
                119
            ]
        ],
        "is_caption_generated": true
    },
    "centroid": [
        14.375213861465454,
        -1.3032898604869843,
        -0.2547043524682523
    ],
    "dimensions": [
        0.05974769592285156,
        0.15556514263153076,
        0.2252496927976608
    ],
    "heading": 0.0,
    "largest_face": 0.03504100058777659,
    "name": {
        "string": "cabinet",
        "similarity_to_image": [
            3.46875,
            3.6875,
            3.5
        ]
    }
}