{
    "image": {
        "crop_coords": [
            [
                49,
                74
            ],
            [
                146,
                221
            ]
        ],
        "is_caption_generated": true
    },
    "centroid": [
        10.818795898982458,
        -1.4482464705194746,
        -0.015360671711996912
    ],
    "dimensions": [
        0.5346355438232422,
        0.17221003770828247,
        0.08172328025102617
    ],
    "heading": 0.0,
    "largest_face": 0.09206960716198864,
    "name": {
        "string": "table",
        "similarity_to_image": [
            2.46875,
            2.859375,
            2.984375
        ]
    }
}