{
    "image": {
        "crop_coords": [
            [
                66,
                42
            ],
            [
                196,
                126
            ]
        ],
        "is_caption_generated": true
    },
    "centroid": [
        9.234359741210938,
        8.817130088806152,
        -0.2821957468986513
    ],
    "dimensions": [
        0.0,
        0.0,
        0.0
    ],
    "heading": 0.0,
    "largest_face": 0.0,
    "name": {
        "string": "chair",
        "similarity_to_image": [
            3.265625,
            3.75,
            4.0
        ]
    }
}