{
    "image": {
        "crop_coords": [
            [
                89,
                55
            ],
            [
                266,
                164
            ]
        ],
        "is_caption_generated": true
    },
    "centroid": [
        9.560590934753417,
        9.00552864074707,
        -0.17352626770734783
    ],
    "dimensions": [
        0.17319297790527344,
        0.07556533813476562,
        0.2891100198030471
    ],
    "heading": 0.0,
    "largest_face": 0.05007182527194231,
    "name": {
        "string": "chair",
        "similarity_to_image": [
            3.75,
            3.78125,
            4.09375
        ]
    }
}