{
    "image": {
        "crop_coords": [
            [
                64,
                36
            ],
            [
                190,
                108
            ]
        ],
        "is_caption_generated": true
    },
    "centroid": [
        -2.4153358936309823,
        6.5652709007263175,
        -0.2608560919761659
    ],
    "dimensions": [
        0.03169965744018555,
        0.059327125549316406,
        0.009463846683502197
    ],
    "heading": 0.0,
    "largest_face": 0.0018806495568242099,
    "name": {
        "string": "chair",
        "similarity_to_image": [
            3.328125,
            3.640625,
            3.859375
        ]
    }
}