{
    "image": {
        "crop_coords": [
            [
                56,
                23
            ],
            [
                166,
                234
            ]
        ],
        "is_caption_generated": true
    },
    "centroid": [
        -7.290796279907227,
        6.207931041717529,
        -0.45440319180488586
    ],
    "dimensions": [
        0.030704498291015625,
        0.10493755340576172,
        0.3025020956993103
    ],
    "heading": 0.0,
    "largest_face": 0.03174382982280122,
    "name": {
        "string": "table",
        "similarity_to_image": [
            2.578125,
            2.734375,
            2.890625
        ]
    }
}