{
    "image": {
        "crop_coords": [
            [
                93,
                9
            ],
            [
                278,
                119
            ]
        ],
        "is_caption_generated": true
    },
    "centroid": [
        -9.640313386917114,
        6.099733948707581,
        -0.19638992473483086
    ],
    "dimensions": [
        0.03342247009277344,
        0.026569843292236328,
        0.09907384216785428
    ],
    "heading": 0.0,
    "largest_face": 0.0033112925268312656,
    "name": {
        "string": "table",
        "similarity_to_image": [
            3.0,
            3.109375,
            2.859375
        ]
    }
}