{
    "image": {
        "crop_coords": [
            [
                56,
                36
            ],
            [
                168,
                106
            ]
        ],
        "is_caption_generated": true
    },
    "centroid": [
        17.912193298339844,
        0.42644666135311127,
        -0.20413003116846096
    ],
    "dimensions": [
        0.1793365478515625,
        0.03639551997184748,
        0.012471690773963928
    ],
    "heading": 0.0,
    "largest_face": 0.006527046909013724,
    "name": {
        "string": "chair",
        "similarity_to_image": [
            3.34375,
            3.609375,
            4.28125
        ]
    }
}