{
    "image": {
        "crop_coords": [
            [
                92,
                43
            ],
            [
                276,
                316
            ]
        ],
        "is_caption_generated": true
    },
    "centroid": [
        16.808286182808157,
        -0.8575433856158544,
        -0.14824545903860728
    ],
    "dimensions": [
        1.4372577667236328,
        0.0926968455314634,
        0.6292219758033754
    ],
    "heading": 0.0,
    "largest_face": 0.9043541717165909,
    "name": {
        "string": "cabinet",
        "similarity_to_image": [
            2.9375,
            3.390625,
            3.34375
        ]
    }
}