{
    "image": {
        "crop_coords": [
            [
                102,
                57
            ],
            [
                304,
                364
            ]
        ],
        "is_caption_generated": true
    },
    "centroid": [
        18.385270080566407,
        5.218718872070313,
        -0.34655844390392304
    ],
    "dimensions": [
        0.012785339355467329,
        0.2245182991027832,
        0.1958126276731491
    ],
    "heading": 0.0,
    "largest_face": 0.043963518108022015,
    "name": {
        "string": "table",
        "similarity_to_image": [
            2.53125,
            2.84375,
            3.40625
        ]
    }
}