{
    "image": {
        "crop_coords": [
            [
                64,
                36
            ],
            [
                191,
                125
            ]
        ],
        "is_caption_generated": true
    },
    "centroid": [
        15.497255802154541,
        7.422523180643718,
        -0.1859492183559471
    ],
    "dimensions": [
        0.13674306869506836,
        0.13143682479858398,
        0.17777940010031068
    ],
    "heading": 0.0,
    "largest_face": 0.024310100720484826,
    "name": {
        "string": "chair",
        "similarity_to_image": [
            3.828125,
            4.0,
            3.859375
        ]
    }
}