{
    "image": {
        "crop_coords": [
            [
                99,
                3
            ],
            [
                296,
                304
            ]
        ],
        "is_caption_generated": true
    },
    "centroid": [
        -6.616169452667236,
        7.587280432383218,
        -0.10718767344951635
    ],
    "dimensions": [
        0.0,
        0.0,
        0.0
    ],
    "heading": 0.0,
    "largest_face": 0.0,
    "name": {
        "string": "table",
        "similarity_to_image": [
            2.59375,
            2.921875,
            3.21875
        ]
    }
}