{
    "image": {
        "crop_coords": [
            [
                117,
                62
            ],
            [
                350,
                186
            ]
        ],
        "is_caption_generated": true
    },
    "centroid": [
        19.25863488515218,
        0.5668858662247661,
        0.2228289507329464
    ],
    "dimensions": [
        0.13998794555664062,
        0.024088919162750466,
        0.40104562044143677
    ],
    "heading": 0.0,
    "largest_face": 0.05614155248008501,
    "name": {
        "string": "table",
        "similarity_to_image": [
            3.890625,
            3.9375,
            4.1875
        ]
    }
}