{
    "image": {
        "crop_coords": [
            [
                89,
                41
            ],
            [
                266,
                173
            ]
        ],
        "is_caption_generated": true
    },
    "centroid": [
        -7.369675636291504,
        7.313775897026062,
        -0.25769360736012453
    ],
    "dimensions": [
        0.13287639617919922,
        0.05030655860900879,
        0.05461242049932477
    ],
    "heading": 0.0,
    "largest_face": 0.007256701622573299,
    "name": {
        "string": "chair",
        "similarity_to_image": [
            3.125,
            3.46875,
            3.828125
        ]
    }
}