{
    "image": {
        "crop_coords": [
            [
                62,
                23
            ],
            [
                184,
                79
            ]
        ],
        "is_caption_generated": true
    },
    "centroid": [
        15.681822141011557,
        7.505338509877522,
        -0.037730140611529406
    ],
    "dimensions": [
        0.01984405517578125,
        0.09204626083374023,
        0.047035051509738024
    ],
    "heading": 0.0,
    "largest_face": 0.004329400619593754,
    "name": {
        "string": "chair",
        "similarity_to_image": [
            3.375,
            3.53125,
            3.53125
        ]
    }
}