{
    "image": {
        "crop_coords": [
            [
                50,
                33
            ],
            [
                148,
                98
            ]
        ],
        "is_caption_generated": true
    },
    "centroid": [
        -10.63245677947998,
        8.631587505340578,
        -0.259132005274296
    ],
    "dimensions": [
        0.0596160888671875,
        0.032759666442871094,
        0.08586244285106662
    ],
    "heading": 0.0,
    "largest_face": 0.005118783023362996,
    "name": {
        "string": "chair",
        "similarity_to_image": [
            3.09375,
            3.546875,
            3.546875
        ]
    }
}