{
    "image": {
        "crop_coords": [
            [
                38,
                56
            ],
            [
                114,
                168
            ]
        ],
        "is_caption_generated": true
    },
    "centroid": [
        17.508877436319988,
        7.754809697469075,
        -0.08041684826215108
    ],
    "dimensions": [
        0.00719451904296875,
        0.218536376953125,
        0.14829007163643837
    ],
    "heading": 0.0,
    "largest_face": 0.032406774993546605,
    "name": {
        "string": "table",
        "similarity_to_image": [
            2.890625,
            3.515625,
            2.984375
        ]
    }
}