{
    "image": {
        "crop_coords": [
            [
                85,
                139
            ],
            [
                491,
                416
            ]
        ],
        "is_caption_generated": true
    },
    "centroid": [
        19.314883863603747,
        1.0723017522612135,
        -0.35526161248216764
    ],
    "dimensions": [
        0.29331111907958984,
        0.6121123135089874,
        0.20314848423004156
    ],
    "heading": 0.0,
    "largest_face": 0.17953934767771784,
    "name": {
        "string": "cabinet",
        "similarity_to_image": [
            4.0625,
            4.3125,
            4.375
        ]
    }
}