{
    "image": {
        "crop_coords": [
            [
                121,
                71
            ],
            [
                362,
                212
            ]
        ],
        "is_caption_generated": true
    },
    "centroid": [
        17.369254648685455,
        9.524021714925766,
        -0.2024258798919618
    ],
    "dimensions": [
        0.5695009231567383,
        0.040490150451660156,
        0.37421137653291225
    ],
    "heading": 0.0,
    "largest_face": 0.21311372439124732,
    "name": {
        "string": "cabinet",
        "similarity_to_image": [
            4.1875,
            4.5,
            4.375
        ]
    }
}