{
    "image": {
        "crop_coords": [
            [
                42,
                32
            ],
            [
                124,
                95
            ]
        ],
        "is_caption_generated": true
    },
    "centroid": [
        17.961828231811523,
        4.173657059669496,
        -0.40942895412445096
    ],
    "dimensions": [
        0.12020492553710938,
        0.011768817901611328,
        0.11070668697357172
    ],
    "heading": 0.0,
    "largest_face": 0.013307489064118265,
    "name": {
        "string": "cabinet",
        "similarity_to_image": [
            3.3125,
            3.15625,
            2.796875
        ]
    }
}