{
    "image": {
        "crop_coords": [
            [
                96,
                36
            ],
            [
                286,
                149
            ]
        ],
        "is_caption_generated": true
    },
    "centroid": [
        -9.762274475097657,
        6.055627943674724,
        -0.05719577441768101
    ],
    "dimensions": [
        0.21914062499999964,
        0.13841505050659197,
        0.14374376088380816
    ],
    "heading": 0.0,
    "largest_face": 0.03150009759992822,
    "name": {
        "string": "chair",
        "similarity_to_image": [
            4.0,
            4.125,
            4.15625
        ]
    }
}