{
    "image": {
        "crop_coords": [
            [
                72,
                56
            ],
            [
                215,
                166
            ]
        ],
        "is_caption_generated": true
    },
    "centroid": [
        -16.41941547393799,
        7.425142526626589,
        -0.40563441812992096
    ],
    "dimensions": [
        0.04982566833496094,
        0.0019164085388192476,
        0.009049206972122248
    ],
    "heading": 0.0,
    "largest_face": 0.00045088278528737923,
    "name": {
        "string": "cabinet",
        "similarity_to_image": [
            3.328125,
            3.25,
            3.46875
        ]
    }
}