{
    "image": {
        "crop_coords": [
            [
                94,
                74
            ],
            [
                281,
                221
            ]
        ],
        "is_caption_generated": true
    },
    "centroid": [
        6.688651283582051,
        -0.8310467228293418,
        -0.204103128053248
    ],
    "dimensions": [
        0.2994852066040039,
        0.11243757605552673,
        0.2967957332730294
    ],
    "heading": 0.0,
    "largest_face": 0.08888593149846004,
    "name": {
        "string": "cabinet",
        "similarity_to_image": [
            4.21875,
            4.40625,
            4.4375
        ]
    }
}