{
    "image": {
        "crop_coords": [
            [
                50,
                40
            ],
            [
                150,
                118
            ]
        ],
        "is_caption_generated": true
    },
    "centroid": [
        17.94314670562744,
        6.796398639678955,
        -0.2912091985344888
    ],
    "dimensions": [
        0.011850357055664062,
        0.19094467163085938,
        0.1656575053930283
    ],
    "heading": 0.0,
    "largest_face": 0.031631417970459104,
    "name": {
        "string": "cabinet",
        "similarity_to_image": [
            4.46875,
            4.46875,
            4.15625
        ]
    }
}