{
    "image": {
        "crop_coords": [
            [
                128,
                78
            ],
            [
                382,
                234
            ]
        ],
        "is_caption_generated": true
    },
    "centroid": [
        18.012203216552734,
        0.013112550601363404,
        -0.21464960277080541
    ],
    "dimensions": [
        0.0,
        0.0,
        0.0
    ],
    "heading": 0.0,
    "largest_face": 0.0,
    "name": {
        "string": "chair",
        "similarity_to_image": [
            3.578125,
            4.0,
            4.15625
        ]
    }
}