{
    "image": {
        "crop_coords": [
            [
                40,
                37
            ],
            [
                119,
                110
            ]
        ],
        "is_caption_generated": true
    },
    "centroid": [
        -17.675013224283855,
        2.265352169672648,
        -0.08964376337826252
    ],
    "dimensions": [
        0.11952972412109375,
        0.01970839500427246,
        0.24262530170381072
    ],
    "heading": 0.0,
    "largest_face": 0.029000935377453633,
    "name": {
        "string": "chair",
        "similarity_to_image": [
            4.21875,
            4.09375,
            4.4375
        ]
    }
}