{
    "image": {
        "crop_coords": [
            [
                56,
                0
            ],
            [
                167,
                54
            ]
        ],
        "is_caption_generated": true
    },
    "centroid": [
        9.560689926147461,
        7.6576619148254395,
        -0.22007750719785696
    ],
    "dimensions": [
        0.034297943115234375,
        0.09696197509765625,
        0.17255581915378582
    ],
    "heading": 0.0,
    "largest_face": 0.016731353039745055,
    "name": {
        "string": "chair",
        "similarity_to_image": [
            3.5,
            3.5,
            3.609375
        ]
    }
}