{
    "image": {
        "crop_coords": [
            [
                133,
                68
            ],
            [
                443,
                202
            ]
        ],
        "is_caption_generated": true
    },
    "centroid": [
        19.28636121749878,
        3.082273264726003,
        0.30625374739368755
    ],
    "dimensions": [
        0.08079147338867188,
        0.9436690807342529,
        0.2687927111983299
    ],
    "heading": 0.0,
    "largest_face": 0.25365137068459553,
    "name": {
        "string": "cabinet",
        "similarity_to_image": [
            3.828125,
            3.609375,
            4.03125
        ]
    }
}