{
    "image": {
        "crop_coords": [
            [
                98,
                7
            ],
            [
                293,
                337
            ]
        ],
        "is_caption_generated": true
    },
    "centroid": [
        9.962507331010068,
        -1.0902520074988855,
        -0.18949134593660188
    ],
    "dimensions": [
        0.43155638376871686,
        0.036226828893026086,
        0.30718702822923677
    ],
    "heading": 0.0,
    "largest_face": 0.13256852304326816,
    "name": {
        "string": "cabinet",
        "similarity_to_image": [
            3.234375,
            3.71875,
            4.1875
        ]
    }
}