{
    "image": {
        "crop_coords": [
            [
                66,
                41
            ],
            [
                196,
                122
            ]
        ],
        "is_caption_generated": true
    },
    "centroid": [
        17.96487871805827,
        0.45452055831750265,
        -0.21913416932026542
    ],
    "dimensions": [
        0.14596176147460938,
        0.023151353001594488,
        0.050732746720314026
    ],
    "heading": 0.0,
    "largest_face": 0.007405041075742247,
    "name": {
        "string": "chair",
        "similarity_to_image": [
            3.390625,
            3.859375,
            4.28125
        ]
    }
}