{
    "image": {
        "crop_coords": [
            [
                44,
                38
            ],
            [
                131,
                114
            ]
        ],
        "is_caption_generated": true
    },
    "centroid": [
        6.529369115829468,
        -0.6269919276237488,
        -0.34535218775272375
    ],
    "dimensions": [
        0.002929210662841797,
        0.04351031780242909,
        0.12853750586509693
    ],
    "heading": 0.0,
    "largest_face": 0.0055927077297219605,
    "name": {
        "string": "cabinet",
        "similarity_to_image": [
            4.46875,
            4.46875,
            4.5
        ]
    }
}