{
    "image": {
        "crop_coords": [
            [
                121,
                74
            ],
            [
                362,
                220
            ]
        ],
        "is_caption_generated": true
    },
    "centroid": [
        18.514989291920383,
        7.788573629715863,
        -0.06977569706299726
    ],
    "dimensions": [
        0.08875846862792969,
        0.12765836715698242,
        0.18057381361722946
    ],
    "heading": 0.0,
    "largest_face": 0.02305175819768479,
    "name": {
        "string": "chair",
        "similarity_to_image": [
            3.71875,
            4.09375,
            4.125
        ]
    }
}