{
    "image": {
        "crop_coords": [
            [
                66,
                40
            ],
            [
                197,
                119
            ]
        ],
        "is_caption_generated": true
    },
    "centroid": [
        -11.184995174407959,
        1.3600857257843013,
        -0.0912117213010788
    ],
    "dimensions": [
        0.004191398620605469,
        0.014536857604980469,
        0.007814496755600031
    ],
    "heading": 0.0,
    "largest_face": 0.00011359822659073952,
    "name": {
        "string": "chair",
        "similarity_to_image": [
            2.765625,
            3.109375,
            3.5625
        ]
    }
}