{
    "image": {
        "crop_coords": [
            [
                106,
                106
            ],
            [
                317,
                318
            ]
        ],
        "is_caption_generated": true
    },
    "centroid": [
        8.19142629098201,
        -1.4614936147910962,
        -0.2163877323593783
    ],
    "dimensions": [
        0.2608060836791992,
        0.025633692741394043,
        0.5472337603569032
    ],
    "heading": 0.0,
    "largest_face": 0.14272189389572534,
    "name": {
        "string": "table",
        "similarity_to_image": [
            3.609375,
            4.03125,
            4.09375
        ]
    }
}